<atv>
  <head>
    <script src="{{URL(:/js/utils.js)}}" />
  </head>
  <body>
    <scroller id="single_artwork_select">
      <header>
        <imageHeader>
            <image insets="0, 0, {{VAL(^aTVScreenResolution:1:720=240|1080=360)}}, 0" required="true">{{URL(:/fanartcache/{{LFBG("plex","{{EVAL(quote_plus("{{VAL(Directory/parentTitle)}} - {{VAL(Directory/title)}}"))}}","{{EVAL(quote_plus("{{TEXT(Select Season Fanart)}}"))}}","{{IMAGEURL(Directory/art:::)}}","{{VAL(^aTVScreenResolution)}}","fonts/OpenSans/OpenSans-Light.ttf","50","35","{{VAL($plex_titlecolor::White=fafafa|Grey=878787|Plex Orange=ff8800|Apple Blue=1357d4)}}","{{VAL($plex_subtitlecolor::White=fafafa|Grey=878787|Plex Orange=ff8800|Apple Blue=1357d4)}}","right","top","70","10","170","","PlexSubPagedGrid{{VAL($plex_listtint::On=Text|Off=)}}"{{VAL($plex_menuhint::On=,"PlexPressMenu_{{VAL($plex_subtitlecolor::White=white|Plex Orange=orange|Apple Blue=blue|Grey=grey)}}"|Off=)}})}})}}</image>
        </imageHeader>
      </header>
      <items>  
        {{ADDXML(arts::/library/metadata/{{VAL(Directory/parentRatingKey)}}/arts)}}
        {{VAR(key:Directory/ratingKey)}}
        <shelf id="coverflow" columnCount="4">
          <sections>
            <shelfSection>
              <items>
                <sixteenByNinePoster related="true" featured="true" id="{{VAL(key)}}"
                              onSelect="changeFanart('{{VAL(%baseURL)}}', '{{VAL(%accesstoken)}}', '{{VAL(#key)}}', '{{VAL(key)}}' , '', '{{URL(:/library/metadata/{{VAL(#key)}})}}&amp;PlexConnect=ChangeFanartSeason')">
                  {{COPY(@arts/Photo)}}
                  <title></title>
                  <image>{{IMAGEURL(thumb)}}</image>
                  <defaultImage>resource://16x9.png</defaultImage>
                </sixteenByNinePoster>
              </items>
            </shelfSection>
          </sections>
        </shelf>
      </items>
    </scroller>
  </body>
</atv>
