<atv>
  <head>
    <script src="{{URL(:/js/utils.js)}}" />
  </head>

  <body>
    <scroller id="Show_Bookcase">
      <header>
        <imageHeader>
        	    <image insets="0, 0, {{VAL(^aTVScreenResolution:1:720=550|1080=825)}}, 0" required="true">{{URL(:/fanartcache/{{LFBG("plex","{{EVAL(quote_plus("{{VAL(parentTitle)}}"))}}","{{EVAL(quote_plus("{{TEXT(Select Artwork)}}"))}}","backgrounds/plex{{VAL($plex_menubackground::Grey=default|Plex Orange=orange|Apple Blue=blue|Green=green)}}.png","{{VAL(^aTVScreenResolution)}}","fonts/OpenSans/OpenSans-Light.ttf","40","25","CCCCCC","FF8800","right","top","60","25","162","","PlexPagedOnDeckSub")}})}}</image>{{CUT(Video/title:: =CUT)}}
        </imageHeader>
      </header>
      
      <items>
        <collectionDivider alignment="left" accessibilityLabel="Show_Bookcase_Divider">
          <title>Main Show Art</title>
        </collectionDivider>
        
        {{ADDXML(showPosters::/library/metadata/{{VAL(key)}}/posters)}}
        {{VAR(key:key)}}
        <shelf id="Main_Show_Art" columnCount="7">
          <sections>
            <shelfSection>
              <items>
                <fourByThreePoster related="true" id="{{VAL(key)}}" featured="true" alwaysShowTitles="true"
                             onSelect="changeArtwork('{{VAL(%baseURL)}}', '{{VAL(%accesstoken)}}', '{{VAL(#key)}}', '{{VAL(key)}}', 'Main_Show_Art')">
                  {{COPY(@showPosters/Photo)}}
                  <title>{{VAL(selected::0=|1=Selected)}}</title>
                  <image>{{IMAGEURL(thumb)}}</image>
                  <defaultImage>resource://Poster.png</defaultImage>
                </fourByThreePoster>
              </items>
            </shelfSection>
          </sections>
        </shelf>
        
        <__COPY__>
          {{COPY(Directory:title:COPY:=COPY|All Episodes=|S=COPY)}}
          <collectionDivider alignment="left" accessibilityLabel="Show_Bookcase_Divider">
            <title>{{VAL(title)}}</title>
          </collectionDivider>
          <shelf id="{{VAL(title)}}" columnCount="7">
            <sections>
              <shelfSection>
                <items>
                  {{ADDXML(seasonPoster::/library/metadata/{{VAL(ratingKey)}}/posters)}}
                  {{VAR(ratingKey:ratingKey)}}
                  {{VAR(size:@seasonPoster/size)}}
                  {{VAR(title:title)}}
                  <fourByThreePoster related="true" featured="true" id="{{VAL(key)}}" alwaysShowTitles="true"
                               onSelect="changeArtwork('{{VAL(%baseURL)}}', '{{VAL(%accesstoken)}}', '{{VAL(#ratingKey)}}', '{{VAL(key)}}', '{{VAL(#title)}}')">
                    {{COPY(@seasonPoster/Photo)}}
                    <title>{{VAL(selected::0=|1=Selected)}}</title>
                    <image>{{IMAGEURL(thumb)}}</image>
                    <defaultImage>resource://Poster.png</defaultImage>
                  </fourByThreePoster>
                </items>
              </shelfSection>
            </sections>
          </shelf>{{CUT(#size::0=CUT|1=)}}
        </__COPY__>
      </items>
    </scroller>
  </body>
</atv>
