<atv>
  <head>
    <script src="{{URL(:/js/utils.js)}}" />
  </head>

  <body>
    <itemCollectionWithImageHeader id="Movie_List">
    {{CUT(size:CUT:0=CUT|1=)}}
      <header>
        <imageHeader>
	      <image insets="0, 0, {{VAL(^aTVScreenResolution:1:720=654|1080=981)}}, 0" required="true">{{URL(:/fanartcache/{{LFBG("plex","{{EVAL(quote_plus("{{VAL(title1)}}"))}}","{{EVAL(quote_plus("{{VAL(title2)}}"))}}","backgrounds/plex{{VAL($plex_menubackground::Grey=default|Plex Orange=orange|Apple Blue=blue|Green=green)}}.png","{{VAL(^aTVScreenResolution)}}","fonts/OpenSans/OpenSans-Light.ttf","40","25","CCCCCC","FF8800","right","top","70","25","162","","PlexParadeListSub")}})}}</image>

        </imageHeader>
      </header>

      <menu>
        <sections>
          <menuSection>
            <items>
              <twoLineMenuItem id="{{VAL(key)}}"
                             onPlay="atv.loadURL('{{URL(key)}}&amp;PlexConnect=Play')"
                             onSelect="atv.loadURL('{{URL(key)}}&amp;PlexConnect=HomeVideoPrePlay')"
                             onHoldSelect="scrobbleMenu('{{URL(key)}}&amp;PlexConnect=ScrobbleMenuVideo')">
           {{COPY(Video)}}
                <label>{{VAL(title)}}</label>
                <label2>{{getDurationString(duration)}}</label2>
                <accessories>
                  <unplayedDot/>{{CUT(viewOffset)}}
                  <partiallyPlayedDot/>
                </accessories>{{CUT(viewCount)}}
                <preview>
                  <crossFadePreview>
                    <image>{{IMAGEURL(thumb::768)}}</image>
                  </crossFadePreview>
                </preview>
              </twoLineMenuItem>
            </items>
          </menuSection>
        </sections>
      </menu>
    </itemCollectionWithImageHeader>
    
    <!--No Items Available-->
    <dialog id="com.sample.error-dialog">
    {{CUT(size::0=|1=CUT)}}
      <title>PlexConnect</title>
      <description>{{TEXT(Plex Media Server: No Items Available)}}</description>
    </dialog>
    
  </body>
</atv>
