<atv>
  <head>
    <script src="{{URL(:/js/utils.js)}}" />
  </head>
  
  <body>
    <scroller id="com.sample.movie-grid">
    {{CUT(size:CUT:0=CUT|1=)}}
      <header>
        <imageHeader>
          <image insets="0, 0, {{VAL(^aTVScreenResolution:1:720=550|1080=825)}}, 0" required="true">{{URL(:/fanartcache/{{LFBG("plex","{{EVAL(quote_plus("{{VAL(title1)}}"))}}","{{EVAL(quote_plus("{{VAL(title2)}}"))}}","backgrounds/plex{{VAL($plex_menubackground::Grey=default|Plex Orange=orange|Apple Blue=blue|Green=green)}}.png","{{VAL(^aTVScreenResolution)}}","fonts/OpenSans/OpenSans-Light.ttf","40","25","CCCCCC","ff8800","right","top","60","25","162","","PlexGridSub")}})}}</image>
        </imageHeader>
      </header>
      <items>
        <pagedGrid id="pagedgrid_0">
            <fourByThreePoster id="{{VAL(key)}}" featured="true" alwaysShowTitles="{{VAL($showtitles_homevideos::Highlighted Only=false|Show All=true)}}"
                             onPlay="atv.loadURL('{{URL(key)}}&amp;PlexConnect=Play')"
                             onSelect="atv.loadURL('{{URL(key)}}&amp;PlexConnect=HomeVideoPrePlay')"
                             onHoldSelect="scrobbleMenu('{{URL(key)}}&amp;PlexConnect=ScrobbleMenuVideo')">
              {{PAGEDCOPY(Video,4,2)}}
              <title>{{VAL(title)}}</title>
              <subtitle>{{VAL(year:&#x00AD;)}}</subtitle>
              <image>{{IMAGEURL(thumb::384)}}</image>
              <defaultImage>resource://Poster.png</defaultImage>
            </fourByThreePoster>
        </pagedGrid>
      </items>
    </scroller>
    
    <!--No Items Available-->
    <dialog id="com.sample.error-dialog">
    {{CUT(size::0=|1=CUT)}}
      <title>PlexConnect</title>
      <description>{{TEXT(Plex Media Server: No Items Available)}}</description>
    </dialog>
    
  </body>
</atv>
