<atv>
  <head>
    <script src="{{URL(:/js/utils.js)}}" />
    <script src="{{URL(:/js/updateXML.js)}}" />
    <script src="{{URL(:/js/settings.js)}}" />
  </head>

  <body>
    {{ADDXML(OnDeck::onDeck)}}
    {{ADDXML(RecentlyAdded::recentlyAdded)}}
    {{ADDXML(RecentlyReleased::newest)}}

    {{VAR(items:NoKey:FALSE)}}  <!--this sets the var to FALSE-->

    <scroller id="com.sample.movie-showcase-grid">
      <header>
        <imageHeader>
	      <image insets="0, 0, {{VAL(^aTVScreenResolution:1:720=620|1080=930)}}, 0" required="true">{{URL(:/fanartcache/{{LFBG("plex","{{EVAL(quote_plus("{{VAL(title1)}}"))}}","","backgrounds/plex{{VAL($plex_menubackground::Grey=default|Plex Orange=orange|Apple Blue=blue|Green=green)}}.png","{{VAL(^aTVScreenResolution)}}","fonts/OpenSans/OpenSans-Light.ttf","40","","CCCCCC","","right","top","60","25","","","PlexPagedOnDeck")}})}}</image>
	      
	    </imageHeader>
      </header>
      
      <items>
        <collectionDivider alignment="left" accessibilityLabel="On Deck">
          {{CUT(@OnDeck/size:CUT:0=CUT|1=)}}
          <title>{{TEXT(On Deck)}}</title>
        </collectionDivider>
        <pagedGrid id="pagedGrid_0">
          {{CUT(@OnDeck/size:CUT:0=CUT|1=)}}
                <fourByThreePoster id="{{VAL(key)}}" featured="true" accessibilityLabel="{{VAL(title)}}" alwaysShowTitles="{{VAL($showtitles_homevideos::Highlighted Only=false|Show All=true)}}"
                            onPlay="atv.loadURL('{{URL(key)}}&amp;PlexConnect=Play')"
                            onSelect="atv.loadURL('{{URL(key)}}&amp;PlexConnect=HomeVideoPrePlay')"
                            onHoldSelect="scrobbleMenu('{{URL(key)}}&amp;PlexConnect=ScrobbleMenuVideo')">
                  {{PAGEDCOPY(@OnDeck/Video,4,1)}}
                  {{VAR(items:NoKey:TRUE)}}  <!--within COPY this sets the var to TRUE-->
                  <title>{{VAL(title)}}</title>
                  <subtitle>{{VAL(year:&#x00AD;)}}</subtitle>
                  <image>{{IMAGEURL(thumb::384)}}</image>
                  <defaultImage>resource://Poster.png</defaultImage>
                </fourByThreePoster>
        </pagedGrid>

        <collectionDivider alignment="left" accessibilityLabel="Recently Added">
          {{CUT(@RecentlyAdded/size:CUT:0=CUT|1=)}}
          <title>{{TEXT(Recently Added)}}</title>
        </collectionDivider>
        <pagedGrid id="pagedGrid_1">
          {{CUT(@RecentlyAdded/size:CUT:0=CUT|1=)}}
                <fourByThreePoster id="{{VAL(key)}}" featured="true" accessibilityLabel="{{VAL(title)}}" alwaysShowTitles="{{VAL($showtitles_homevideos::Highlighted Only=false|Show All=true)}}"
                            onPlay="atv.loadURL('{{URL(key)}}&amp;PlexConnect=Play')"
                            onSelect="atv.loadURL('{{URL(key)}}&amp;PlexConnect=HomeVideoPrePlay')"
                            onHoldSelect="scrobbleMenu('{{URL(key)}}&amp;PlexConnect=ScrobbleMenuVideo')">
                  {{PAGEDCOPY(@RecentlyAdded/Video,4,1)}}
                  {{VAR(items:NoKey:TRUE)}}  <!--within COPY this sets the var to TRUE-->
                  <title>{{VAL(title)}}</title>
                  <subtitle>{{VAL(year:&#x00AD;)}}</subtitle>
                  <image>{{IMAGEURL(thumb::384)}}</image>
                  <defaultImage>resource://Poster.png</defaultImage>
                </fourByThreePoster>
        </pagedGrid>

        <collectionDivider alignment="left" accessibilityLabel="Recently Released">
          {{CUT(@RecentlyReleased/size:CUT:0=CUT|1=)}}
          <title>{{TEXT(Recently Released)}}</title>
        </collectionDivider>
        <pagedGrid id="pagedGrid_2">
          {{CUT(@RecentlyReleased/size:CUT:0=CUT|1=)}}
                <fourByThreePoster id="{{VAL(key)}}" featured="true" accessibilityLabel="{{VAL(title)}}" alwaysShowTitles="{{VAL($showtitles_homevideos::Highlighted Only=false|Show All=true)}}"
                            onPlay="atv.loadURL('{{URL(key)}}&amp;PlexConnect=Play')"
                            onSelect="atv.loadURL('{{URL(key)}}&amp;PlexConnect=HomeVideoPrePlay')"
                            onHoldSelect="scrobbleMenu('{{URL(key)}}&amp;PlexConnect=ScrobbleMenuVideo')">
                  {{PAGEDCOPY(@RecentlyReleased/Video,4,1)}}
                  {{VAR(items:NoKey:TRUE)}}  <!--within COPY this sets the var to TRUE-->
                  <title>{{VAL(title)}}</title>
                  <subtitle>{{VAL(year:&#x00AD;)}}</subtitle>
                  <image>{{IMAGEURL(thumb::384)}}</image>
                  <defaultImage>resource://Poster.png</defaultImage>
                </fourByThreePoster>
        </pagedGrid>
      </items>
    </scroller>
    {{CUT(#items::FALSE=CUT|TRUE=)}}  <!--CUT if no item added-->
    
    <!--No Channels Available-->
    <dialog id="com.sample.error-dialog">
    {{CUT(#items::FALSE=|TRUE=CUT)}}
      <title>PlexConnect</title>
      <description>{{TEXT(Plex Media Server: No Items Available)}}</description>
    </dialog>
    
  </body>
</atv>
