<atv>
  <head>
    <script src="{{URL(:/js/utils.js)}}" />
  </head>
  
  <body>
    <scroller id="com.sample.menu-items-with-sections" volatile="true" onVolatileReload="atv.loadAndSwapURL('{{URL()}}')">
      <header>
    <!--Fullscreen-->
        <imageHeader>
           <image insets="0, 0, {{VAL(^aTVScreenResolution:1:720=480|1080=720)}}, 0" required="true">{{URL(:/fanartcache/{{LFBG("plex","{{EVAL(quote_plus("{{VAL(title1)}}"))}}","{{EVAL(quote_plus("{{VAL(title2)}}"))}}","{{IMAGEURL(art:::)}}","{{VAL(^aTVScreenResolution)}}","fonts/OpenSans/OpenSans-Light.ttf","50","35","{{VAL($plex_titlecolor::White=fafafa|Grey=878787|Plex Orange=ff8800|Apple Blue=1357d4)}}","{{VAL($plex_subtitlecolor::White=fafafa|Grey=878787|Plex Orange=ff8800|Apple Blue=1357d4)}}","right","top","70","10","170","{{VAL($plex_fanartblur::1=1|2=2|3=3|0=)}}","PlexSubPagedGrid{{VAL($plex_fanarttint::On=Text|Off=)}}"{{VAL($plex_menuhint::On=,"PlexPressMenu_{{VAL($plex_subtitlecolor::White=white|Plex Orange=orange|Apple Blue=blue|Grey=grey)}}"|Off=)}})}})}}</image>

        </imageHeader>

      </header>
      <items>
        <shelf id="coverflow" columnCount="{{EVAL(min({{VAL(size:0)}},3))}}">
          <sections>
            <shelfSection>
              <items>
                <goldenPoster id="{{VAL(key)}}" featured="true" alwaysShowTitles="{{VAL($showtitles_tvshows::Highlighted Only=false|Show All=true)}}"
                              onPlay="atv.loadURL('{{URL(key)}}')"
                              onSelect="atv.loadURL('{{URL(key)}}')"
                              onHoldSelect="scrobbleMenu('{{stripChildrenURL(key)}}&amp;PlexConnect=ScrobbleMenuDirectory')">
                  {{COPY(Directory)}}
                  <title>{{VAL(title)}}</title>
                  <image>{{IMAGEURL(thumb::768)}}</image>
                  <defaultImage>resource://Poster.png</defaultImage>
                </goldenPoster>{{CUT(Directory/title:CUT:=)}}
            

              </items>
            </shelfSection>
          </sections>
        </shelf>
       
      </items>
    </scroller>
  </body>
</atv>
