<atv>
  <head>
    <script src="{{URL(:/js/utils.js)}}" />
    <script src="{{URL(:/js/scrobble.js)}}" />
  </head>

  {{VAR(studio:grandparentStudio)}}
  {{VAR(contentRating:grandparentContentRating)}}
  {{VAR(title1:title1)}}
  {{VAR(title2:title2)}}
  {{VAR(artwork:art)}}
  
  <body>


    <itemCollectionWithImageHeader id="com.sample.menu-items-with-sections" volatile="true" onVolatileReload="atv.loadAndSwapURL('{{URL()}}')">
	<styles>
          <color name="titleColor">#{{VAL($plex_tabletitlecolor::Grey=878787|White=fafafa|Plex Orange=ff8800|Apple Blue=1357d4)}}</color>
          <color name="metadataColor">#{{VAL($plex_metadatacolor::Grey=878787|White=fafafa)}}</color>
        </styles>
	<header>
        <imageHeader>
          <image insets="0, 0, {{VAL(^aTVScreenResolution:1:720=552|1080=828)}}, 0" required="true">
	    	      {{URL(:/fanartcache/{{LFBG("plex","{{EVAL(quote_plus("{{VAL(title1)}}"))}}","{{EVAL(quote_plus("{{VAL(title2)}}"))}}","{{IMAGEURL(art:::)}}","{{VAL(^aTVScreenResolution)}}","fonts/OpenSans/OpenSans-Light.ttf","50","35","{{VAL($plex_titlecolor::White=fafafa|Grey=878787|Plex Orange=ff8800|Apple Blue=1357d4)}}","{{VAL($plex_subtitlecolor::White=fafafa|Grey=878787|Plex Orange=ff8800|Apple Blue=1357d4)}}","right","top","70","10","170","{{VAL($plex_fanartblur::1=1|2=2|3=3|0=)}}","PlexSubList{{VAL($plex_fanarttint::On=Text|Off=)}}"{{VAL($plex_menuhint::On=,"PlexPressMenu_{{VAL($plex_subtitlecolor::White=white|Plex Orange=orange|Apple Blue=blue|Grey=grey)}}"|Off=)}})}})}}
          </image>
        </imageHeader>
      </header>
      <menu>
      
        <sections>
          <menuSection>
            <items>
<!--            <oneLineMenuItem id="none">
                <label>{{VAL(#title2)}}</label>
                <preview>
                  <keyedPreview>
                    <title>{{VAL(title)}}</title>
                    <summary>{{VAL(summary)}}</summary>{{CUT($showsynopsis::Hide=CUT|Show=)}}
                    <summary>{{VAL(summary)}}</summary>{{CUT(viewCount:CUT:=)}}{{CUT($showsynopsis::Show=CUT|Hide=)}}
                    <summary>{{TEXT(Synopsis hidden.)}}</summary>{{CUT(viewCount)}}{{CUT($showsynopsis::Show=CUT|Hide=)}}
                    <image>{{IMAGEURL(thumb::768)}}</image>
                  </keyedPreview>
                </preview>
              </oneLineMenuItem>-->
              <twoLineEnhancedMenuItem id="{{VAL(ratingKey)}}"
                                         onPlay="atv.loadURL('{{URL(key)}}&amp;PlexConnect=Play')"
                                         onSelect="atv.loadURL('{{URL(key)}}&amp;PlexConnect=EpisodePrePlay')"
                                         onHoldSelect="scrobbleMenu('{{URL(key)}}&amp;PlexConnect=ScrobbleMenuVideo')">
                                         
                {{COPY(Video:index::=|0 =COPY)}}
                <label>{{VAL(title)}}</label>
                <ordinal>{{VAL(index)}}</ordinal>
                <maxOrdinalDigits>2</maxOrdinalDigits>
                 <image>{{IMAGEURL(thumb::800)}}</image>
                <accessories>
                <unplayedDot/>{{CUT(viewOffset)}}
                  <progressBar percentage="{{EVAL({{VAL(viewOffset:0)}} * 100 / {{VAL(duration:1)}})}}"/>{{CUT(viewOffset:CUT:=)}}
                <!---<progressBar percentage="100"/>{{CUT(viewCount:CUT:=)}}{{CUT(viewOffset)}}-->
                </accessories>{{CUT(viewCount)}}

                <preview>
                  <longDescriptionPreview>
                    <title>{{VAL(title)}}</title>
                    <summary><![CDATA[{{VAL(summary)}}]]></summary>{{CUT($showsynopsis::Hide=CUT|Show=)}}
                    <summary><![CDATA[{{VAL(summary)}}]]></summary>{{CUT(viewCount:CUT:=)}}{{CUT($showsynopsis::Show=CUT|Hide=)}}
                    <summary>{{TEXT(Synopsis hidden.)}}</summary>{{CUT(viewCount)}}{{CUT($showsynopsis::Show=CUT|Hide=)}}
                    <rating>{{VAL(#contentRating)}}</rating>
                    <image>{{IMAGEURL(thumb::768)}}</image>
                    <metadata>
                      <label>{{VAL(#title1)}}</label>
                      <label>Aired: {{VAL(originallyAvailableAt)}}</label>
                      <label>Studio: {{VAL(#studio)}}</label>
                      <label>Runtime: {{getDurationString(duration)}}</label>
                      <label>Quality: {{VAL(Media/videoResolution:Unknown:1080=1080p|720=720p|576=576 SD|480=480 SD|sd=SD)}}   {{VAL(Media/audioCodec:Unknown:ac3=AC3|aac=AAC|mp3=MP3|dca=DTS|drms=DRMS)}} {{VAL(Media/audioChannels:Unknown:2=Stereo 2.0|6=5.1|8=7.1)}} </label>
                      <starRating hasUserSetRating="true">
                        <percentage>{{EVAL({{VAL(userRating:0)}} * 10)}}</percentage>
                      </starRating>{{CUT(userRating:CUT:0=)}}
                      <starRating>
                        <percentage>{{EVAL({{VAL(rating:0)}} * 10)}}</percentage>
                      </starRating>{{CUT(userRating::0=CUT)}}             
                    </metadata>
                  </longDescriptionPreview>
                </preview>
              </twoLineEnhancedMenuItem>{{CUT(Video/title:CUT:=)}}

              <oneLineMenuItem id="none">
                <label>{{TEXT(No episodes)}}</label>
              </oneLineMenuItem>{{CUT(Video/title::=CUT)}}
            </items>
          </menuSection>
        </sections>
      </menu>
    </itemCollectionWithImageHeader>

    </body>
</atv>
