<atv>
  <head>
    <script src="{{URL(:/js/utils.js)}}" />
     <script src="{{URL(:/js/scrobble.js)}}" />
    <script src="{{URL(:/js/selectAudioAndSubs.js)}}" />
    <script src="{{URL(:/js/settings.js)}}" />
  </head>

  <body>
    <itemDetailWithImageHeader id="com.sample.movie-grid" volatile="true" onVolatileReload="atv.loadAndSwapURL('{{URL()}}&amp;PlexConnect=EpisodePrePlay')">
	  <styles>
          <color name="titleColor">#{{VAL($plex_tabletitlecolor::White=fafafa|Grey=878787|Plex Orange=ff8800|Apple Blue=1357d4)}}</color>
          <color name="metadataColor">#{{VAL($plex_metadatacolor::White=fafafa|Grey=878787)}}</color>
        </styles>
       <header>
	    <imageHeader>
	      <image insets="0, 0, {{VAL(^aTVScreenResolution:1:720=440|1080=690)}}, 0" required="true">{{URL(:/fanartcache/{{LFBG("plex","{{EVAL(quote_plus("{{VAL(Video/grandparentTitle)}}"))}}","{{EVAL(quote_plus("{{VAL(Video/index)}}. {{VAL(Video/title)}}"))}}","{{IMAGEURL(Video/art:::)}}","{{VAL(^aTVScreenResolution)}}","fonts/OpenSans/OpenSans-Light.ttf","50","35","{{VAL($plex_titlecolor::White=fafafa|Grey=878787|Plex Orange=ff8800|Apple Blue=1357d4)}}","{{VAL($plex_subtitlecolor::White=fafafa|Grey=878787|Plex Orange=ff8800|Apple Blue=1357d4)}}","right","top","70","10","170","{{VAL($plex_fanartblur::1=1|2=2|3=3|0=)}}","PlexPrePlay{{VAL($plex_fanarttint::On=Text|Off=)}}"{{VAL($plex_menuhint::On=,"PlexPressMenu_{{VAL($plex_subtitlecolor::White=white|Plex Orange=orange|Apple Blue=blue|Grey=grey)}}"|Off=)}})}})}}
	      </image>
	    </imageHeader>
	  </header>
      <!-- <title>{{VAL(Video/index)}}. {{VAL(Video/title)}}</title> -->
      <summary>{{VAL(Video/summary)}}</summary>{{CUT($showsynopsis::Hide=CUT|Show=)}}
      <summary>{{VAL(Video/summary)}}</summary>{{CUT(Video/viewCount:CUT:=)}}{{CUT($showsynopsis::Show=CUT|Hide=)}}
      <summary>{{TEXT(Synopsis hidden.)}}</summary>{{CUT(Video/viewCount)}}{{CUT($showsynopsis::Show=CUT|Hide=)}}
      <image style="moviePoster">{{IMAGEURL(Video/parentThumb::768)}}</image>

      <table>
        <columnDefinitions>
          <columnDefinition width="30" alignment="left">
            <title>{{TEXT(Details)}}</title>
          </columnDefinition>
          <columnDefinition width="30" alignment="left">
            <title>{{TEXT(Directors)}}</title>
          </columnDefinition>
          <columnDefinition width="30" alignment="left">
            <title>{{TEXT(Writers)}}</title>
          </columnDefinition>
        </columnDefinitions>
        <rows>
          <row>
            <label>{{getDurationString(Video/duration)}}</label>
            <label>{{VAL(Video/Director/tag)}}</label>
            <label>{{VAL(Video/Writer/tag)}}</label>
          </row>
          <row>
            <label>{{VAL(Video/Media/videoResolution:Unknown:1080=1080p|720=720p|576=SD|480=SD|sd=SD)}} / {{VAL(Video/Media/audioCodec:Unknown:ac3=AC3|aac=AAC|mp3=MP3|dca=DTS|drms=DRMS)}} {{VAL(Video/Media/audioChannels:Unknown:2=Stereo|6=5.1|8=7.1)}} </label>
            <label>{{VAL(Video/Director[2]/tag)}}</label>
            <label>{{VAL(Video/Writer[2]/tag)}}</label>
          </row>
          <row>
            <label>{{EVAL("{{VAL(Video/Media/container)}} / {{VAL(Video/Media/videoCodec)}}".upper())}}</label>
            <label>{{VAL(Video/Director[3]/tag)}}</label>
            <label>{{VAL(Video/Writer[3]/tag)}}</label>
          </row>
          <row>
              <label>{{EVAL("{{VAL(Video/Media/container)}} / {{VAL(Video/Media/videoCodec)}}".upper())}}</label>
              <label>{{VAL(Video/Director[3]/tag)}}</label>
              <label>{{VAL(Video/Writer[3]/tag)}}</label>
          </row>
          <row>
            <starRating hasUserSetRating="true">
              <percentage>{{EVAL({{VAL(Video/userRating:0)}} * 10)}}</percentage>
            </starRating>{{CUT(Video/userRating:CUT:0=)}}
            <starRating>
              <percentage>{{EVAL({{VAL(Video/rating:0)}} * 10)}}</percentage>
            </starRating>{{CUT(Video/userRating::0=CUT)}}
            <label>{{VAL(Video/Director[4]/tag)}}</label>
            <label>{{VAL(Video/Writer[4]/tag)}}</label>
          </row>
        </rows>
      </table>

      <centerShelf>
        <shelf id="centerShelf" columnCount="4" center="true">
          <sections>
            <shelfSection>
              {{VAR(AudioStreams:NoKey:0)}}
              {{VAR(SubtitleStreams:NoKey:0)}}
              <stash>{{CUT(^aTVFirmwareVersion:CUT:=CUT|5.2=)}}
                <!-- audio streams info-->
                <stream>
                  {{COPY(Video/Media/Part/Stream:streamType::=|2=COPY|2 =)}}
                  {{VAR(AudioStreams:NoKey:{{EVAL({{VAL(#AudioStreams)}}+1)}})}}
                  <id>{{VAL(id)}}</id>
                  <language>{{VAL(language:Unknown)}}</language>
                  <codec>{{VAL(codec)}}</codec>
                  <streamType>{{VAL(streamType)}}</streamType>
                  <selected>{{VAL(selected:0)}}</selected>
                </stream>
                <!-- subtitle streams info-->
                <stream>
                  {{COPY(Video/Media/Part/Stream:streamType::=|3=COPY|3 =)}}
                  {{VAR(SubtitleStreams:NoKey:{{EVAL({{VAL(#SubtitleStreams)}}+1)}})}}
                  <id>{{VAL(id)}}</id>
                  <language>{{VAL(language:Unknown)}}</language>
                  <format>{{VAL(format)}}</format>
                  <streamType>{{VAL(streamType)}}</streamType>
                  <selected>{{VAL(selected:0)}}</selected>
                </stream>
              </stash>
              
              <items>
                <actionButton id="play" onSelect="atv.loadURL('{{URL(key)}}&amp;PlexConnect=Play')"
                                        onPlay="atv.loadURL('{{URL(key)}}&amp;PlexConnect=Play')">
                  <title>{{TEXT(Play)}}</title>
                  <image>resource://Play.png</image>
                  <focusedImage>resource://PlayFocused.png</focusedImage>
                </actionButton>
                <actionButton id="scrobbleMenu" 
                				onHoldSelect="scrobbleMenu('{{URL(key)}}&amp;PlexConnect=ScrobbleMenuVideo')">
                  <title>{{TEXT(Watch Status)}}</title>
                  <image>resource://More.png</image>
                  <focusedImage>resource://MoreFocused.png</focusedImage>
                  <!--<badge></badge>-->
                </actionButton>
                
                <actionButton id="selectAudioAndSubs"
                              onHoldSelect="selectAudioAndSubs('{{VAL(%baseURL)}}', '{{VAL(%accesstoken)}}', '{{VAL(Video/Media/Part/id)}}')"
                              onSelect="selectAudioAndSubs('{{VAL(%baseURL)}}', '{{VAL(%accesstoken)}}', '{{VAL(Video/Media/Part/id)}}')"
                              onPlay="selectAudioAndSubs('{{VAL(%baseURL)}}', '{{VAL(%accesstoken)}}', '{{VAL(Video/Media/Part/id)}}')">
                {{VAR(SelectAudioAndSubs:NoKey:{{EVAL( {{VAL(#AudioStreams)}}>1 or {{VAL(#SubtitleStreams)}}>0 )}})}}
                {{CUT(#SelectAudioAndSubs:CUT:False=CUT|True=)}}
                  <title>{{TEXT(Audio/Subs)}}</title>
                  <image>resource://Queue.png</image>
                  <focusedImage>resource://QueueFocused.png</focusedImage>
                </actionButton>
                <actionButton id="Settings" onSelect="atv.loadURL('{{URL(:/)}}&amp;PlexConnect=Settings')">
                  <title>{{TEXT(Settings)}}</title>
                  <image>resource://WishList.png</image>
                  <focusedImage>resource://WishListFocused.png</focusedImage>
                  <!--<badge></badge>-->
                </actionButton>
              </items>
            </shelfSection>
          </sections>
        </shelf>
      </centerShelf>

      <divider>
        <smallCollectionDivider alignment="left">
          <title>Episodes</title>
        </smallCollectionDivider>
      </divider>
      {{ADDXML(parent:Video/parentKey)}}
      {{ADDXML(parentEpisodes:@parent/Directory/key)}}

      <bottomShelf>
        <shelf id="bottomShelf" columnCount="5">
          <sections>
            <shelfSection>
              <items>
                <sixteenByNinePoster related="true" alwaysShowTitles="true" id="shelf_item_1" 
                                     onSelect="atv.loadAndSwapURL('{{URL(key)}}&amp;PlexConnect=EpisodePrePlay')">
                  {{COPY(@parentEpisodes/Video)}}
                  <title>{{VAL(index)}}. {{VAL(title)}}</title>
                  <image>{{IMAGEURL(thumb::384)}}</image>
                  <defaultImage>resource://16X9.png</defaultImage>
                </sixteenByNinePoster>
              </items>
            </shelfSection>
          </sections>
        </shelf>
      </bottomShelf>

		</itemDetailWithImageHeader>
	</body>
</atv>
