<atv>
  <head>
    <script src="{{URL(:/js/utils.js)}}" />
  </head>

  <body>
    <itemCollectionWithImageHeader id="com.sample.menu-items-with-sections">
    {{CUT(size:CUT:0=CUT|1=)}}
      <header>
	    <imageHeader>
	      <image insets="0, 0, {{VAL(^aTVScreenResolution:1:720=552|1080=828)}}, 0" required="true">{{URL(:/fanartcache/{{LFBG("plex","{{EVAL(quote_plus("{{VAL(title1)}}"))}}","{{EVAL(quote_plus("{{VAL(title2)}}"))}}","backgrounds/plex{{VAL($plex_menubackground::Grey=default|Plex Orange=orange|Apple Blue=blue|Green=green)}}.png","{{VAL(^aTVScreenResolution)}}","fonts/OpenSans/OpenSans-Light.ttf","50","35","{{VAL($plex_titlecolor::White=fafafa|Grey=878787|Plex Orange=ff8800|Apple Blue=1357d4)}}","{{VAL($plex_subtitlecolor::White=fafafa|Grey=878787|Plex Orange=ff8800|Apple Blue=1357d4)}}","right","top","70","10","170","","PlexSubList{{VAL($plex_paradelisttint::On=Text|Off=)}}"{{VAL($plex_menuhint::On=,"PlexPressMenu_{{VAL($plex_subtitlecolor::White=white|Plex Orange=orange|Apple Blue=blue|Grey=grey)}}"|Off=)}})}})}}
	      </image>
	    </imageHeader>
      </header>
      <menu>
        <sections>
          <menuSection>
            <items>
              <!-- library directories -->
              <oneLineMenuItem id="{{VAL(key)}}"
                                       onPlay="atv.loadURL('{{URL(key)}}')"
                                       onSelect="atv.loadURL('{{URL(key)}}')">
                {{COPY(Directory)}}
                <label>{{VAL(title)}}</label>
                <preview>
                  <link>{{URL(key)}}?X-Plex-Container-Start=0&amp;X-Plex-Container-Size=25&amp;PlexConnect=SectionPreview</link>
                </preview>
              </oneLineMenuItem>
            </items>
          </menuSection>
        </sections>
      </menu>
    </itemCollectionWithImageHeader>

    <!--No Items Available-->
    <dialog id="com.sample.error-dialog">
    {{CUT(size::0=|1=CUT)}}
      <title>PlexConnect</title>
      <description>{{TEXT(Plex Media Server: No Items Available)}}</description>
    </dialog>
  </body>
</atv>
