<atv>
  <head>
    <script src="{{URL(:/js/utils.js)}}" />
    <script src="{{URL(:/js/updateXML.js)}}" />
  </head>
	<body>
		<viewWithNavigationBar id="PlexConnect_Navigation" onNavigate="loadItem(event)" volatile="true" onVolatileReload="updatePage('{{URL()}}');">
			<navigation currentIndex="1">

				<navigationItem id="0">
					<title>{{TEXT(All Photos)}}</title>
					<url>{{URL(key)}}/all</url>
				</navigationItem>

        <navigationItem id="1">
					<title>{{TEXT(Recently Added)}}</title>
					<url>{{URL(key)}}/recentlyAdded</url>
				</navigationItem>

				<navigationItem id="2">
					<title>{{TEXT(Year)}}</title>
					<url>{{URL(key)}}/year&amp;PlexConnect=DirectoryWithPreview</url>
				</navigationItem>

				<navigationItem id="3">
					<title>{{TEXT(More...)}}</title>
					<url>{{URL(key)}}&amp;PlexConnect=PhotoSecondary</url>
				</navigationItem>

			</navigation>
		</viewWithNavigationBar>
	</body>
</atv>
