<atv>
  <head>
    <script src="{{URL(:/js/utils.js)}}" />
  </head>

  <body>
    {{ADDXML(VideoChannels::/video)}}
    {{ADDXML(AudioChannels::/music)}}
    {{ADDXML(PhotoChannels::/photos)}}
    
    {{VAR(channels:NoKey:FALSE)}}  <!--this sets the var to FALSE-->
    
    <!--Channels Grid-->
    <scroller id="Channels_Grid">
      <header>
        <imageHeader>
          <image insets="0, 0, {{VAL(^aTVScreenResolution:1:720=630|1080=945)}}, 0" required="true">
           {{URL(:/fanartcache/{{LFBG("plex","{{EVAL(quote_plus("{{TEXT(Plex Channels)}}"))}}","","backgrounds/plex{{VAL($plex_menubackground::Grey=default|Plex Orange=orange|Apple Blue=blue|Green=green)}}.png","{{VAL(^aTVScreenResolution)}}","fonts/OpenSans/OpenSans-Light.ttf","50","35","{{VAL($plex_titlecolor::White=fafafa|Grey=878787|Plex Orange=ff8800|Apple Blue=1357d4)}}","{{VAL($plex_subtitlecolor::White=fafafa|Grey=878787|Plex Orange=ff8800|Apple Blue=1357d4)}}","right","top","70","10","170","","PlexGrid{{VAL($plex_gridtint::On=Text|Off=)}}"{{VAL($plex_menuhint::On=,"PlexPressMenu_{{VAL($plex_subtitlecolor::White=white|Plex Orange=orange|Apple Blue=blue|Grey=grey)}}"|Off=)}})}})}}
          </image>
        </imageHeader>
      </header>
      
      <items>
        <!-- video channels: owned servers -->
        <__COPY__>
        {{COPY(@VideoChannels/Server:size::0=|1=COPY)}}
          <collectionDivider alignment="left" accessibilityLabel="Show_Bookcase_Divider">
            <title>{{TEXT(Video)}}</title>{{CUT(@VideoChannels/size::1=|2=CUT)}}
            <title>{{TEXT(Video)}} - {{VAL(name)}}{{VAL(local::0= &lt;{{TEXT(remote)}}&gt;|0 =)}}</title>{{CUT(@VideoChannels/size:CUT:1=CUT|2=)}}
          </collectionDivider>
          
          <grid id="Channels_Grid_Video_{{VAL(name)}}" columnCount="7">
            <items>
              <!-- video channels per server -->
              <fourByThreePoster id="Video_{{VAL(key)}}" featured="true" alwaysShowTitles="{{VAL($showtitles_channels::Highlighted Only=false|Show All=true)}}"
                           onPlay="atv.loadURL('{{URL(key)}}&amp;PlexConnect=ChannelsVideo')"
                           onSelect="atv.loadURL('{{URL(key)}}&amp;PlexConnect=ChannelsVideo')">
              {{COPY(Directory)}}
              {{VAR(channels:NoKey:TRUE)}}  <!--within COPY this sets the var to TRUE-->
                <title>{{VAL(title)}}</title>
                <image>{{IMAGEURL(thumb::384)}}</image>
                <defaultImage>resource://Poster.png</defaultImage>
                <!--badgeCount></badgeCount-->
              </fourByThreePoster>
            </items>
          </grid>
        </__COPY__>
          
        <!-- audio channels: owned servers -->
        <__COPY__>
        {{COPY(@AudioChannels/Server:size::0=|1=COPY)}}
          <collectionDivider alignment="left" accessibilityLabel="Show_Bookcase_Divider">
            <title>{{TEXT(Audio)}}</title>{{CUT(@AudioChannels/size::1=|2=CUT)}}
            <title>{{TEXT(Audio)}} - {{VAL(name)}}{{VAL(local::0= &lt;{{TEXT(remote)}}&gt;|0 =)}}</title>{{CUT(@AudioChannels/size:CUT:1=CUT|2=)}}
          </collectionDivider>
          
          <grid id="Channels_Grid_Audio_{{VAL(name)}}" columnCount="7">
            <items>
              <!-- audio channels per server -->
              <fourByThreePoster id="Audio_{{VAL(key)}}" featured="true" alwaysShowTitles="{{VAL($showtitles_channels::Highlighted Only=false|Show All=true)}}"
                           onPlay="atv.loadURL('{{URL(key)}}')"
                           onSelect="atv.loadURL('{{URL(key)}}')">
              {{COPY(Directory)}}
              {{VAR(channels:NoKey:TRUE)}}  <!--within COPY this sets the var to TRUE-->
                <title>{{VAL(title)}}</title>
                <image>{{IMAGEURL(thumb::384)}}</image>
                <defaultImage>resource://Poster.png</defaultImage>
                <!--badgeCount></badgeCount-->
              </fourByThreePoster>
            </items>
          </grid>
        </__COPY__>
        
        <!-- photo channels: owned servers -->
        <__COPY__>
        {{COPY(@PhotoChannels/Server:size::0=|1=COPY)}}
          <collectionDivider alignment="left" accessibilityLabel="Show_Bookcase_Divider">
            <title>{{TEXT(Photo)}}</title>{{CUT(@PhotoChannels/size::1=|2=CUT)}}
            <title>{{TEXT(Photo)}} - {{VAL(name)}}{{VAL(local::0= &lt;{{TEXT(remote)}}&gt;|0 =)}}</title>{{CUT(@PhotoChannels/size:CUT:1=CUT|2=)}}
          </collectionDivider>
          
          <grid id="Channels_Grid_Photo_{{VAL(name)}}" columnCount="7">
            <items>
              <!-- video channels per server -->
              <fourByThreePoster id="Photo_{{VAL(key)}}" featured="true" alwaysShowTitles="{{VAL($showtitles_channels::Highlighted Only=false|Show All=true)}}"
                           onPlay="atv.loadURL('{{URL(key)}}')"
                           onSelect="atv.loadURL('{{URL(key)}}')">
              {{COPY(Directory)}}
              {{VAR(channels:NoKey:TRUE)}}  <!--within COPY this sets the var to TRUE-->
                <title>{{VAL(title)}}</title>
                <image>{{IMAGEURL(thumb::384)}}</image>
                <defaultImage>resource://Poster.png</defaultImage>
                <!--badgeCount></badgeCount-->
              </fourByThreePoster>
            </items>
          </grid>
        </__COPY__>
        
      </items>
    </scroller>
    {{CUT(#channels::FALSE=CUT|TRUE=)}}  <!--CUT if no channel added-->
    
    <!--No Channels Available-->
    <dialog id="com.sample.error-dialog">
    {{CUT(#channels::FALSE=|TRUE=CUT)}}
      <title>PlexConnect</title>
      <description>{{TEXT(No Plex Channels Available)}}</description>
    </dialog>
    
  </body>
</atv>
