<atv>
  <head>
    <script src="{{URL(:/js/utils.js)}}" />
  </head>

  <body>
    {{ADDXML(VideoChannels::/video)}}
    {{ADDXML(AudioChannels::/music)}}
    {{ADDXML(PhotoChannels::/photos)}}
    
    {{VAR(channels:NoKey:FALSE)}}  <!--this sets the var to FALSE-->
    
    <!--Channels List-->
    <itemCollectionWithImageHeader id="com.sample.menu-items-with-sections">
      <header>
        <imageHeader>
	      <image insets="0, 0, {{VAL(^aTVScreenResolution:1:720=552|1080=828)}}, 0" required="true">
	      {{URL(:/fanartcache/{{LFBG("plex","{{EVAL(quote_plus("{{TEXT(Plex Channels)}}"))}}","","backgrounds/plex{{VAL($plex_menubackground::Grey=default|Plex Orange=orange|Apple Blue=blue|Green=green)}}.png","{{VAL(^aTVScreenResolution)}}","fonts/OpenSans/OpenSans-Light.ttf","50","35","{{VAL($plex_titlecolor::White=fafafa|Grey=878787|Plex Orange=ff8800|Apple Blue=1357d4)}}","{{VAL($plex_subtitlecolor::White=fafafa|Grey=878787|Plex Orange=ff8800|Apple Blue=1357d4)}}","right","top","70","10","170","","PlexSubList{{VAL($plex_paradelisttint::On=Text|Off=)}}"{{VAL($plex_menuhint::On=,"PlexPressMenu_{{VAL($plex_subtitlecolor::White=white|Plex Orange=orange|Apple Blue=blue|Grey=grey)}}"|Off=)}})}})}}
	      </image>{{CUT(@VideoChannels/size::1=|2=CUT)}}
        </imageHeader>
      </header>
      <menu>
        <sections>
          
          <!-- video channels: local servers -->
          <menuSection>
          {{COPY(@VideoChannels/Server:size::0=|1=COPY)}}
            
            <header>
              <horizontalDivider alignment="left">
                <title>{{TEXT(Video)}}</title>{{CUT(@VideoChannels/size::1=|2=CUT)}}
                <title>{{TEXT(Video)}} - {{VAL(name)}}{{VAL(local::0= &lt;{{TEXT(remote)}}&gt;|0 =)}}</title>{{CUT(@VideoChannels/size:CUT:1=CUT|2=)}}
              </horizontalDivider>
            </header>
            
            <items>
              <!-- video channels per server -->
              <twoLineEnhancedMenuItem id="Video_{{VAL(key)}}"
                                       onPlay="atv.loadURL('{{URL(key)}}&amp;PlexConnect=ChannelsVideo')"
                                       onSelect="atv.loadURL('{{URL(key)}}&amp;PlexConnect=ChannelsVideo')">
              {{COPY(Directory)}}
              {{VAR(channels:NoKey:TRUE)}}  <!--within COPY this sets the var to TRUE-->
                <label>{{VAL(title)}}</label>
                <image>{{IMAGEURL(thumb::384)}}</image>
                <preview>
                  <crossFadePreview>
                    <image>{{IMAGEURL(thumb::768)}}</image>
                  </crossFadePreview>
                </preview>
              </twoLineEnhancedMenuItem>
            </items>
            
          </menuSection>
          
          <!-- audio channels: local servers -->
          <menuSection>
          {{COPY(@AudioChannels/Server:size::0=|1=COPY)}}
            
            <header>
              <horizontalDivider alignment="left">
                <title>{{TEXT(Audio)}}</title>{{CUT(@VideoChannels/size::1=|2=CUT)}}
                <title>{{TEXT(Audio)}} - {{VAL(name)}}{{VAL(local::0= &lt;{{TEXT(remote)}}&gt;|0 =)}}</title>{{CUT(@VideoChannels/size:CUT:1=CUT|2=)}}
              </horizontalDivider>
            </header>
            
            <items>
              <!-- audio channels per server -->
              <twoLineEnhancedMenuItem id="Audio_{{VAL(key)}}"
                                       onPlay="atv.loadURL('{{URL(key)}}')"
                                       onSelect="atv.loadURL('{{URL(key)}}')">
              {{COPY(Directory)}}
              {{VAR(channels:NoKey:TRUE)}}  <!--within COPY this sets the var to TRUE-->
                <label>{{VAL(title)}}</label>
                <image>{{IMAGEURL(thumb::384)}}</image>
                <preview>
                  <crossFadePreview>
                    <image>{{IMAGEURL(thumb::768)}}</image>
                  </crossFadePreview>
                </preview>
              </twoLineEnhancedMenuItem>
            </items>
          </menuSection>
          
          <!-- photo channels: local servers -->
          <menuSection>
          {{COPY(@PhotoChannels/Server:size::0=|1=COPY)}}
            
            <header>
              <horizontalDivider alignment="left">
                <title>{{TEXT(Photo)}}</title>{{CUT(@VideoChannels/size::1=|2=CUT)}}
                <title>{{TEXT(Photo)}} - {{VAL(name)}}{{VAL(local::0= &lt;{{TEXT(remote)}}&gt;|0 =)}}</title>{{CUT(@VideoChannels/size:CUT:1=CUT|2=)}}
              </horizontalDivider>
            </header>
            
            <items>
              <!-- photo channels per server -->
              <twoLineEnhancedMenuItem id="Photo_{{VAL(key)}}"
                                       onPlay="atv.loadURL('{{URL(key)}}')"
                                       onSelect="atv.loadURL('{{URL(key)}}')">
                {{COPY(Directory)}}
                {{VAR(channels:NoKey:TRUE)}}  <!--within COPY this sets the var to TRUE-->
                <label>{{VAL(title)}}</label>
                <image>{{IMAGEURL(thumb::384)}}</image>
                <preview>
                  <crossFadePreview>
                    <image>{{IMAGEURL(thumb::768)}}</image>
                  </crossFadePreview>
                </preview>
              </twoLineEnhancedMenuItem>
            </items>
          </menuSection>
          
        </sections>
      </menu>
    </itemCollectionWithImageHeader>
    {{CUT(#channels::FALSE=CUT|TRUE=)}}  <!--CUT if no channel added-->
    
    <!--No Channels Available-->
    <dialog id="com.sample.error-dialog">
    {{CUT(#channels::FALSE=|TRUE=CUT)}}
      <title>PlexConnect</title>
      <description>{{TEXT(No Plex Channels Available)}}</description>
    </dialog>
    
  </body>
</atv>
