<atv>
  <head>
    <script src="{{URL(:/js/utils.js)}}" />
  </head>

  <body>
    <itemDetailWithImageHeader id="com.apple.trailers">
     	  <styles>
          <color name="titleColor">#{{VAL($plex_tabletitlecolor::White=fafafa|Grey=878787|Plex Orange=ff8800|Apple Blue=1357d4)}}</color>
          <color name="metadataColor">#{{VAL($plex_metadatacolor::White=fafafa|Grey=878787)}}</color>
        </styles>
        <header>
	    <imageHeader>
	      <image insets="0, 0, {{VAL(^aTVScreenResolution:1:720=440|1080=660)}}, 0" required="true">{{URL(:/fanartcache/{{LFBG("plex","{{EVAL(quote_plus("{{VAL(Video/grandparentTitle)}}"))}}","{{EVAL(quote_plus("{{VAL(Video/index)}}. {{VAL(Video/title)}}"))}}","{{EVAL(quote_plus("{{IMAGEURL(Video/thumb::384)}}"))}}","{{VAL(^aTVScreenResolution)}}","fonts/OpenSans/OpenSans-Light.ttf","50","35","{{VAL($plex_titlecolor::White=fafafa|Grey=878787|Plex Orange=ff8800|Apple Blue=1357d4)}}","{{VAL($plex_subtitlecolor::White=fafafa|Grey=878787|Plex Orange=ff8800|Apple Blue=1357d4)}}","right","top","70","10","170","{{VAL($plex_fanartblur::1=1|2=2|3=3|0=)}}","PlexSubGrid{{VAL($plex_fanarttint::On=Text|Off=)}}"{{VAL($plex_menuhint::On=,"PlexPressMenu_{{VAL($plex_subtitlecolor::White=white|Plex Orange=orange|Apple Blue=blue|Grey=grey)}}"|Off=)}})}})}}
	      </image>
	    </imageHeader>
	  </header>
		<!-- <title>{{VAL(Video/title)}}</title> -->
		<subtitle>{{VAL(Video/studio)}}</subtitle>
		<rating>{{contentRating(Video/contentRating)}}</rating>
		<summary>{{VAL(Video/summary)}}</summary>
		<image style="moviePoster">{{IMAGEURL(Video/thumb::384)}}</image>
		<defaultImage>resource://Poster.png</defaultImage>

		<centerShelf>
        <shelf id="centerShelf" columnCount="4" center="true">
			<sections>
				<shelfSection>
					<items>
						<actionButton id="play" onSelect="atv.loadURL('{{URL(key)}}&amp;PlexConnect=Play')">
							<title>{{TEXT(Play)}}</title>
							<image>resource://Play.png</image>
                            <focusedImage>resource://PlayFocused.png</focusedImage>
							<!--<badge></badge>-->
						</actionButton>
					</items>
				</shelfSection>
			</sections>
		</shelf>
		</centerShelf>
		</itemDetailWithImageHeader>
	</body>
</atv>
