<atv>
  <head>
    <script src="{{URL(:/js/utils.js)}}" />
  </head>
  

<body>
    <itemCollectionWithImageHeader id="HomeVideoList">
      <header>
	  <imageHeader>
	      <image insets="0, 0, {{VAL(^aTVScreenResolution:1:720=552|1080=828)}}, 0" required="true">{{URL(:/fanartcache/{{LFBG("plex","{{EVAL(quote_plus("{{VAL(title1)}}"))}}","{{EVAL(quote_plus("{{VAL(title2)}}"))}}","backgrounds/plex{{VAL($plex_menubackground::Grey=default|Plex Orange=orange|Apple Blue=blue|Green=green)}}.png","{{VAL(^aTVScreenResolution)}}","fonts/OpenSans/OpenSans-Light.ttf","50","35","{{VAL($plex_titlecolor::White=fafafa|Grey=878787|Plex Orange=ff8800|Apple Blue=1357d4)}}","{{VAL($plex_subtitlecolor::White=fafafa|Grey=878787|Plex Orange=ff8800|Apple Blue=1357d4)}}","right","top","70","10","170","","PlexSubList{{VAL($plex_paradelisttint::On=Text|Off=)}}"{{VAL($plex_menuhint::On=,"PlexPressMenu_{{VAL($plex_subtitlecolor::White=white|Plex Orange=orange|Apple Blue=blue|Grey=grey)}}"|Off=)}})}})}}
	      </image>
	    </imageHeader>
      </header>
      <menu>
        <sections>
          <menuSection>
            <items>
              <twoLineEnhancedMenuItem id="{{VAL(key)}}"
                             onPlay="atv.loadURL('{{URL(key)}}&amp;PlexConnect=MovieByFolder')"
                             onSelect="atv.loadURL('{{URL(key)}}&amp;PlexConnect=MovieByFolder')">
                {{COPY(Directory)}}
                <label>{{VAL(title)}}</label>
                <image>{{URL(:/templates/plex/images/Folder.png)}}</image>
                <defaultImage>resource://Poster.png</defaultImage>
                <preview>
                  <crossFadePreview>
                    <image>{{URL(:/templates/plex/images/Folder.png)}}</image>
                  </crossFadePreview>
                </preview>
              </twoLineEnhancedMenuItem>
              
              <twoLineMenuItem id="{{VAL(key)}}"
                             onPlay="atv.loadURL('{{URL(key)}}&amp;PlexConnect=Play')"
                             onSelect="atv.loadURL('{{URL(key)}}&amp;PlexConnect=MoviePrePlay')"
                             onHoldSelect="scrobbleMenu('{{URL(key)}}&amp;PlexConnect=ScrobbleMenuVideo')">
                {{COPY(Video)}}
                <label>{{VAL(title)}}</label>
                <label2>{{getDurationString(duration)}}</label2>
                <accessories>
                  <unplayedDot/>{{CUT(viewOffset)}}
                  <partiallyPlayedDot/>
                </accessories>{{CUT(viewCount)}}
                <preview>
                  <crossFadePreview>
                    <image>{{IMAGEURL(thumb::384)}}</image>
                  </crossFadePreview>
                </preview>
              </twoLineMenuItem>
            </items>
          </menuSection>
        </sections>
      </menu>
    </itemCollectionWithImageHeader>
  </body>
</atv>
