<atv>
  <head>
    <script src="{{URL(:/js/utils.js)}}" />
  </head>
   <body>
    <scroller id="com.sample.homevideo-grid">
      <header>
 	  <imageHeader>
          <image insets="0, 0, {{VAL(^aTVScreenResolution:1:720=540|1080=810)}}, 0" required="true">{{URL(:/fanartcache/{{LFBG("plex","{{EVAL(quote_plus("{{VAL(title1)}}"))}}","{{EVAL(quote_plus("{{VAL(title2)}}"))}}","backgrounds/plex{{VAL($plex_menubackground::Grey=default|Plex Orange=orange|Apple Blue=blue|Green=green)}}.png","{{VAL(^aTVScreenResolution)}}","fonts/OpenSans/OpenSans-Light.ttf","50","35","{{VAL($plex_titlecolor::White=fafafa|Grey=878787|Plex Orange=ff8800|Apple Blue=1357d4)}}","{{VAL($plex_subtitlecolor::White=fafafa|Grey=878787|Plex Orange=ff8800|Apple Blue=1357d4)}}","right","top","70","10","170","","PlexSubPagedGrid{{VAL($plex_gridtint::On=Text|Off=)}}"{{VAL($plex_menuhint::On=,"PlexPressMenu_{{VAL($plex_subtitlecolor::White=white|Plex Orange=orange|Apple Blue=blue|Grey=grey)}}"|Off=)}})}})}}
	      </image>
	    </imageHeader>
      </header>
      <items>
        <pagedGrid id="grid_0">
            <fourByThreePoster id="{{VAL(key)}}" featured="true" alwaysShowTitles="{{VAL($showtitles_movies::Highlighted Only=false|Show All=true)}}" 
                             onPlay="atv.loadURL('{{URL(key)}}&amp;PlexConnect=MovieByFolder')"
                             onSelect="atv.loadURL('{{URL(key)}}&amp;PlexConnect=MovieByFolder')">
              {{PAGEDCOPY(Directory,7,2)}}
              <title>{{VAL(title)}}</title>
              <subtitle>{{VAL(year:&#x00AD;)}}</subtitle>
              <image>{{URL(:/templates/plex/images/Folder.png)}}</image>
              <defaultImage>resource://Poster.png</defaultImage>
            </fourByThreePoster>
            
            <fourByThreePoster id="{{VAL(key)}}" featured="true" alwaysShowTitles="{{VAL($showtitles_movies::Highlighted Only=false|Show All=true)}}"
                             onPlay="atv.loadURL('{{URL(key)}}&amp;PlexConnect=Play')"
                             onSelect="atv.loadURL('{{URL(key)}}&amp;PlexConnect=MoviePrePlay')">
              {{PAGEDCOPY(Video,7,2)}}
              <title>{{VAL(title)}}</title>
              <subtitle>{{VAL(year:&#x00AD;)}}</subtitle>
              <image>{{IMAGEURL(thumb::384)}}</image>
              <defaultImage>resource://Poster.png</defaultImage>
            </fourByThreePoster>
        </pagedGrid>
      </items>
    </scroller>
  </body>
</atv>
