<?xml version="1.0" encoding="UTF-8" standalone="no"?>
<!DOCTYPE plist PUBLIC "-//Apple Computer//DTD PLIST 1.0//EN" "http://www.apple.com/DTDs/PropertyList-1.0.dtd" >
<plist version="1.0">
  <dict>
    <key>page-type</key>
    <dict>
      <key>template-name</key>
      <string>item</string>
      <key>template-parameters</key>
      <dict/>
    </dict>
    <key>items</key>
    <array>
      <dict>
        <key>type</key>
        <string>podcast</string>
        <key>title</key>
        <!-- library -->
        <string>{{VAL(parentTitle)}}</string>{{CUT(content::=CUT)}}
        <!-- channel: iTunes (old style plugin) -->
        <string>{{VAL(title2)}}</string>{{CUT(@main/content:CUT:songs=|songs =CUT)}}
        <key>items</key>
        {{VAR(img:thumb)}}
        <array>
          <dict>
          {{COPY(Track)}}
            <key>type</key>
            <string>podcast-episode</string>
            <key>title</key>
            <!-- library -->
            <string>{{VAL(title)}}</string>{{CUT(@main/content::=CUT)}}
            <!-- channel: iTunes (old style plugin) -->
            <string>{{VAL(track)}}</string>{{CUT(@main/content:CUT:songs=|songs =CUT)}}
            <key>item-id</key>
            <integer>{{VAL(index:1)}}</integer>
            <key>artwork-urls</key>{{CUT(#img:CUT:=CUT| =)}}
            <array>
              <dict>
                <key>url</key>
                <string>{{VAL(%baseURL)}}{{VAL(#img)}}</string>
              </dict>
            </array>{{CUT(#img:CUT:=CUT| =)}}
            <key>store-offers</key>
            <dict>
              <key>standard-audio</key>
              <dict>
                <key>asset-url</key>
                <!-- library -->
                <string>{{MUSICURL(Media/Part/key)}}</string>{{CUT(@main/content::=CUT)}}
                <!-- channel: iTunes (old style plugin) -->
                <string>{{MUSICURL(key)}}</string>{{CUT(@main/content:CUT:songs=|songs =CUT)}}
              </dict>
            </dict>
            <key>description</key>
            <string></string>
          </dict>
        
        </array>
      </dict>
    </array>
  </dict>
</plist>
