<atv>
  <body>
    <videoPlayer id="com.sample.video-player">
      <httpFileVideoAsset id="{{VAL(Video/key)}}">
        <mediaURL>{{VIDEOURL(Video)}}</mediaURL>
        <title>{{VAL(Video/title)}}</title>
        <description>{{VAL(Video/summary)}}</description>
        <bookmarkTime>{{EVAL({{VAL(Video/viewOffset:0)}} / 1000)}}</bookmarkTime>
        <image>{{IMAGEURL({{VAL(Video/type::movie=Video/thumb|episode=Video/grandparentThumb)}}::384)}}</image>
        
        <myMetadata>
            <!-- PMS, OSD settings, ... -->
            <baseURL>{{VAL(%baseURL)}}</baseURL>
            <accessToken>{{VAL(%accesstoken)}}</accessToken>
            
            <key>{{VAL(Video/key)}}</key>
            <ratingKey>{{VAL(Video/ratingKey)}}</ratingKey>
            <duration>{{VAL(Video/duration)}}</duration>
            <videoSubtitle>{{VAL(Video/type::movie={{VAL(Video/title)}}|episode={{VAL(Video/title)}})}}</videoSubtitle>
            <videoTitle>{{VAL(Video/type::movie={{VAL(Video/year)}}|episode={{VAL(Video/grandparentTitle)}})}}</videoTitle>
            <poster>{{IMAGEURL({{VAL(Video/type::movie=Video/thumb|episode=Video/parentThumb)}}::384)}}</poster>
            <showInfos>{{VAL($plex_showplayinfos)}}</showInfos>
            <showClock>{{VAL($showplayerclock)}}</showClock>
            <timeFormat>{{VAL($timeformat)}}</timeFormat>
            <clockPosition>{{VAL($clockposition)}}</clockPosition>
            <overscanAdjust>{{VAL($overscanadjust)}}</overscanAdjust>
            <showEndtime>{{VAL($showendtime)}}</showEndtime>
            
            <!-- subtitle -->
            <__COPY__><!--needed as {{COPY}} doesn't work completely clean. Todo: ExpandTree needs to "finish" current element...-->
            {{COPY(Video/Media/Part/Stream:streamType::=|3=COPY|3 =)}}
              <subtitleURL> <!-- id="{{VAL(id)}}" key="{{VAL(key)}}" codec="{{VAL(codec)}}"--><!--.srt only -->
              {{CUT(selected:CUT:0=CUT|1=)}}
                {{URL(key)}}&amp;PlexConnect=Subtitle&amp;PlexConnectSubtitleFormat={{VAL(format)}}
              </subtitleURL>
            </__COPY__>
            <subtitleSize>{{SETTING(subtitlesize)}}</subtitleSize>
        </myMetadata>
        
        <myStackedMedia>
            <!-- stacked media -->
            <httpFileVideoAsset id="{{VAL(key)}}">
                <mediaURL>{{VIDEOURL(key)}}</mediaURL>
                <title>{{VAL(@main/Video/title)}}</title>
                <description>{{VAL(@main/Video/summary)}}</description>
                <!--bookmarkTime>{{EVAL({{VAL(@main/Video/viewOffset:0)}} / 1000)}}</bookmarkTime-->
                <image>{{IMAGEURL(@main/Video/thumb::384)}}</image>
                <!--title, description, image will get forwarded from main VideoAsset in willStartPlaying()-->
                
                <myMetaData>
                    <duration>{{VAL(duration)}}</duration>
                    <startTime>0<!--(determined by willStartPlaying())--></startTime>
                </myMetaData>
                
            </httpFileVideoAsset>{{COPY(Video/Media/Part)}}
        </myStackedMedia>
        
      </httpFileVideoAsset>
    </videoPlayer>
  </body>
</atv>
