<?xml version="1.0" encoding="UTF-8"?>
<atv>
  <head>
    <script src="{{URL(:/js/utils.js)}}" />
  </head>
  <body>
    <viewWithNavigationBar id="PlexConnect_Navigation" onNavigate="loadMenuPage(event)">
      <navigation currentIndex="{{EVAL(self.PC_MenuIndex)}}">
        <navigationItem id="Library">
          <title>{{VAL($plex_mainmenulabel::Icons=&#9409;|Text={{TEXT(Library)}}|Icons and Text=&#9409; {{TEXT(Library)}})}}</title><!-- &#8614; -->
          <url>{{URL(:/PMS(owned)/library/sections)}}</url>
        </navigationItem>
        <!--<navigationItem id="Search">
		  <url>{{URL(:/&amp;PlexConnect=GlobalSearch)}}</url> 
		  <title>Search</title>
		</navigationItem>-->
        <navigationItem id="Channels">
          <title>{{VAL($plex_mainmenulabel::Icons=&#9400;|Text={{TEXT(Channels)}}|Icons and Text=&#9400; {{TEXT(Channels)}})}}</title>
          <url>{{URL(:/PMS(owned)/channels/all)}}</url>
        </navigationItem>{{CUT($plex_library_channels:CUT:checked=CUT|unchecked=)}}
        <navigationItem id="SharedLibraries">
          <title>{{VAL($plex_mainmenulabel::Icons=&#9416;|Text={{TEXT(Shared Libraries)}}|Icons and Text=&#9416; {{TEXT(Shared Libraries)}})}}</title> <!-- &#8633; -->
          <url>{{URL(:/PMS(shared)/library/sections)}}</url>
        </navigationItem>{{CUT($myplex_auth:CUT:=CUT| =)}}
        <navigationItem id="Search">
          <title>{{VAL($plex_mainmenulabel::Icons=&#x1f50d;|Text={{TEXT(Search)}}|Icons and Text=&#x1f50d; {{TEXT(Search)}})}}</title>
		  <url>{{URL(:/SearchForm.xml)}}</url> 
		</navigationItem>
        <navigationItem id="Settings">
          <title>{{VAL($plex_mainmenulabel::Icons=&#9881;|Text={{TEXT(Settings)}}|Icons and Text=&#9881; {{TEXT(Settings)}})}}</title>
          <url>{{URL(:/&amp;PlexConnect=Settings)}}</url>
        </navigationItem>
      </navigation>
    </viewWithNavigationBar>
  </body>
</atv>