<atv>
  <head>
    <script src="{{URL(:/js/utils.js)}}" />
  </head>

  <body>
    <searchResults id="searchResults">
      <menu>
        <sections>

        <menuSection>
            <header>
              <horizontalDivider alignment="left">
                <title>{{TEXT(Movies)}}</title>
              </horizontalDivider>
            </header>
            <items>{{VAR(cut:NoKey:CUT)}}  <!--this sets the var to CUT-->
              <twoLineEnhancedMenuItem id="{{VAL(key)}}"
                             onPlay="atv.loadURL('{{URL(key)}}&amp;PlexConnect=Play')"
                             onSelect="atv.loadURL('{{URL(key)}}&amp;PlexConnect=MoviePrePlay')">
                {{COPY(Video:type::movie=COPY|episode=)}}
                {{VAR(cut:NoKey:)}}  <!--this sets the var to None-->
                <label>{{VAL(title)}}</label>
                <image>{{IMAGEURL(thumb::384)}}</image>
                <defaultImage>resource://Poster.png</defaultImage>
              </twoLineEnhancedMenuItem>
            </items>
          </menuSection>{{CUT(#cut)}}

          <menuSection>
            <header>
              <horizontalDivider alignment="left">
                <title>{{TEXT(Shows)}}</title>
              </horizontalDivider>
            </header>
            <items>{{VAR(cut:NoKey:CUT)}}  <!--this sets the var to CUT-->
              <twoLineEnhancedMenuItem id="{{VAL(key)}}"
                             onPlay="atv.loadURL('{{URL(key)}}')"
                             onSelect="atv.loadURL('{{URL(key)}}')">
                {{COPY(Directory)}}
                {{VAR(cut:NoKey:)}}  <!--this sets the var to None-->
                <label>{{VAL(title)}}</label>
                <image>{{IMAGEURL(thumb::384)}}</image>
                <defaultImage>resource://Poster.png</defaultImage>
              </twoLineEnhancedMenuItem>
            </items>
          </menuSection>{{CUT(#cut)}}

          <menuSection>
            <header>
              <horizontalDivider alignment="left">
                <title>{{TEXT(Episodes)}}</title>
              </horizontalDivider>
            </header>
            <items>{{VAR(cut:NoKey:CUT)}}  <!--this sets the var to CUT-->
              <twoLineEnhancedMenuItem id="{{VAL(key)}}"
                             onPlay="atv.loadURL('{{URL(key)}}&amp;PlexConnect=Play')"
                             onSelect="atv.loadURL('{{URL(key)}}&amp;PlexConnect=MoviePrePlay')">
                {{COPY(Video:type::episode=COPY|movie=)}}
                {{VAR(cut:NoKey:)}}  <!--this sets the var to None-->
                <label>{{VAL(title)}}</label>
                <label2>{{VAL(grandparentTitle)}}</label2>
                <image>{{IMAGEURL(thumb::384)}}</image>
                <defaultImage>resource://Poster.png</defaultImage>
              </twoLineEnhancedMenuItem>
            </items>
          </menuSection>{{CUT(#cut)}}

        </sections>
      </menu>
    </searchResults>
  </body>
</atv>
