<atv>
  <head>
    <script src="{{URL(:/js/utils.js)}}" />
    <script src="{{URL(:/js/updateXML.js)}}" />
  </head>

	<body>
		<viewWithNavigationBar id="PlexConnect_Navigation" onNavigate="loadItem(event)" volatile="true" onVolatileReload="updatePage('{{URL()}}');">
			<navigation currentIndex="1">

      <navigationItem id="0">
					<title>{{TEXT(All Movies)}}</title>
					<url>{{URL(key)}}/all&amp;PlexConnect=AllMovies</url>
				</navigationItem>

				<navigationItem id="1">
					<title>{{TEXT(On Deck)}}</title>
					<url>{{URL(key)}}&amp;PlexConnect=MovieSection</url>
				</navigationItem>

				<navigationItem id="2">
					<title>{{TEXT(Unwatched)}}</title>
					<url>{{URL(key)}}/unwatched&amp;PlexConnect=AllMovies</url>
				</navigationItem>{{CUT($movies_navbar_unwatched::unchecked=CUT|checked=)}}
				
        <navigationItem id="3">
					<title>{{TEXT(By Folder)}}</title>
					<url>{{URL(key)}}/folder&amp;PlexConnect=MovieDirectory</url>
				</navigationItem>{{CUT($movies_navbar_byfolder::unchecked=CUT|checked=)}}
				
        <navigationItem id="4">
					<title>{{TEXT(Collections)}}</title>
					<url>{{URL(key)}}/collection&amp;PlexConnect=DirectoryWithPreview</url>
				</navigationItem>{{CUT($movies_navbar_collections::unchecked=CUT|checked=)}}

				<navigationItem id="5">
					<title>{{TEXT(Genres)}}</title>
					<url>{{URL(key)}}/genre&amp;PlexConnect=DirectoryWithPreview</url>
				</navigationItem>{{CUT($movies_navbar_genres::unchecked=CUT|checked=)}}

				<navigationItem id="6">
					<title>{{TEXT(Decades)}}</title>
					<url>{{URL(key)}}/decade&amp;PlexConnect=DirectoryWithPreview</url>
				</navigationItem>{{CUT($movies_navbar_decades::unchecked=CUT|checked=)}}

				<navigationItem id="7">
					<title>{{TEXT(Directors)}}</title>
					<url>{{URL(key)}}/director&amp;PlexConnect=DirectoryWithPreview</url>
				</navigationItem>{{CUT($movies_navbar_directors::unchecked=CUT|checked=)}}

				<navigationItem id="8">
					<title>{{TEXT(Actors)}}</title>
					<url>{{URL(key)}}/actor&amp;PlexConnect=DirectoryWithPreviewActors</url>
				</navigationItem>{{CUT($movies_navbar_actors::unchecked=CUT|checked=)}}

				<navigationItem id="9">
					<title>{{TEXT(More...)}}</title>
					<url>{{URL(key)}}&amp;PlexConnect=MovieSecondary</url>
				</navigationItem>{{CUT($movies_navbar_more::unchecked=CUT|checked=)}}


			</navigation>
		</viewWithNavigationBar>
	</body>
</atv>
