<?xml version="1.0" encoding="UTF-8"?>
<atv>
  <head>
    <script src="{{URL(:/js/utils.js)}}" />
    <script src="{{URL(:/js/settings.js)}}" />
  </head>

  <body>
    <itemCollectionWithImageHeader id="SettingsPage_Library">
      <header>
        <imageHeader>
          <image insets="0, 0, {{VAL(^aTVScreenResolution:1:720=552|1080=828)}}, 0" required="true">
           {{URL(:/fanartcache/{{LFBG("plex","{{EVAL(quote_plus("{{TEXT(Settings)}}"))}}","{{EVAL(quote_plus("{{TEXT(Library Options)}}"))}}","backgrounds/plex{{VAL($plex_menubackground::Grey=default|Plex Orange=orange|Apple Blue=blue|Green=green)}}.png","{{VAL(^aTVScreenResolution)}}","fonts/OpenSans/OpenSans-Light.ttf","50","35","{{VAL($plex_titlecolor::White=fafafa|Grey=878787|Plex Orange=ff8800|Apple Blue=1357d4)}}","{{VAL($plex_subtitlecolor::White=fafafa|Grey=878787|Plex Orange=ff8800|Apple Blue=1357d4)}}","right","top","75","10","170","","PlexSubList{{VAL($plex_listtint::On=Text|Off=)}}"{{VAL($plex_menuhint::On=,"PlexPressMenu_{{VAL($plex_subtitlecolor::White=white|Plex Orange=orange|Apple Blue=blue|Grey=grey)}}"|Off=)}})}})}}
          </image>
        </imageHeader>
      </header>
      <preview>
        <keyedPreview>
          <title>&#x00AD;<!--soft-hyphen--></title>
          <summary/>
          <metadataKeys>
            <label>{{TEXT(Version)}}</label>
            <label>{{TEXT(Authors)}}</label>
            <label>{{TEXT(Wiki/Docs)}}</label>
            <label>{{TEXT(Homepage)}}</label>
            <label>{{TEXT(Forum)}}</label>
          </metadataKeys>
          <metadataValues>
            <label>{{EVAL(__VERSION__)}}</label>
            <label>Baa, roidy</label>
            <label>f00b4r, meltman</label>
            <label>https://github.com/ibaa/plexconnect</label>
            <label>http://forums.plexapp.com/...plexconnect</label>
          </metadataValues>
          <image>{{URL(:/templates/plex/images/PlexConnectLogo.png)}}</image>
        </keyedPreview>
      </preview>

      <menu>
        <sections>
		<menuSection>
           <header>
              <horizontalDivider alignment="left">
                <title>{{TEXT(Library)}}</title>
              </horizontalDivider>
            </header>
            <items>
              <oneLineMenuItem id="plex_LibraryView" onSelect="toggleSettings('plex_LibraryView', 'Settings/Library')">
                <label>{{TEXT(Library View)}}</label>
                <rightLabel>{{SETTING(plex_libraryview)}}</rightLabel>
              </oneLineMenuItem>
              <oneLineMenuItem id="plex_SectionIcons" onSelect="toggleSettings('plex_SectionIcons', 'Settings/Library')">
                <label>{{TEXT(Library Icons)}}</label>
                <rightLabel>{{SETTING(plex_sectionicons)}}</rightLabel>
              </oneLineMenuItem>
              <oneLineMenuItem id="plex_SectionsPosition" onSelect="toggleSettings('plex_SectionsPosition', 'Settings/Library')">
                <label>{{TEXT(Library Sections)}}</label>
                <rightLabel>{{SETTING(plex_sectionsposition)}}</rightLabel>
              </oneLineMenuItem>
              </items>
              </menuSection>
              <menuSection>
             <header>
              <horizontalDivider alignment="left">
                <title>{{TEXT(Shared Library)}}</title>
              </horizontalDivider>
            </header>
            <items>
                <oneLineMenuItem id="plex_LibraryView_Remote" onSelect="toggleSettings('plex_LibraryView_Remote', 'Settings/Library')">
                <label>{{TEXT(Library View)}}</label>
                <rightLabel>{{SETTING(plex_libraryview_remote)}}</rightLabel>
              </oneLineMenuItem>
              <oneLineMenuItem id="plex_SectionIcons_Shared" onSelect="toggleSettings('plex_SectionIcons_Shared', 'Settings/Library')">
                <label>{{TEXT(Library Icons)}}</label>
                <rightLabel>{{SETTING(plex_sectionicons_shared)}}</rightLabel>
              </oneLineMenuItem> 
               </items>
              </menuSection>
        <!--Removed Below iOS 6.0-->
             
              <menuSection>
           <header>
              <horizontalDivider alignment="left">
                <title>{{TEXT(Appearance)}}</title>
              </horizontalDivider>
            </header>
            <items>
              <oneLineMenuItem id="plex_Library_Search" onSelect="toggleSettings('plex_Library_Search', 'Settings/Library')">
                <label>{{TEXT(Search Section)}}</label>
                <rightLabel>{{SETTING(plex_Library_search)}}</rightLabel>
              </oneLineMenuItem>
              <oneLineMenuItem id="plex_ShowTitles_Library" onSelect="toggleSettings('plex_ShowTitles_Library', 'Settings/Library')">
                <label>{{TEXT(Poster Titles)}}</label>
                <rightLabel>{{SETTING(plex_showtitles_library)}}</rightLabel>
              </oneLineMenuItem> 
              <oneLineMenuItem id="plex_ChannelView" onSelect="toggleSettings('plex_ChannelView', 'Settings/Library')">
                <label>{{TEXT(Channel View)}}</label>
                <rightLabel>{{SETTING(plex_channelview)}}</rightLabel>
              </oneLineMenuItem>            
            </items>
          </menuSection>

          <menuSection>
            <header>
              <horizontalDivider alignment="left">
                <title>{{TEXT(Library Extras)}}</title>
              </horizontalDivider>
            </header>
            <items>

              <oneLineMenuItem id="plex_Library_OnDeck" onSelect="toggleSettings('plex_Library_OnDeck', 'Settings/Library')">
                <label>{{TEXT(On Deck)}}</label>
                <accessories>
                  <checkMark/>
                </accessories>{{CUT($plex_library_ondeck::unchecked=CUT|checked=)}}
              </oneLineMenuItem>

              <oneLineMenuItem id="plex_Library_RecentlyAdded" onSelect="toggleSettings('plex_Library_RecentlyAdded', 'Settings/Library')">
                <label>{{TEXT(Recently Added)}}</label>
                <accessories>
                  <checkMark/>
                </accessories>{{CUT($plex_library_recentlyadded::unchecked=CUT|checked=)}}
              </oneLineMenuItem>               
              <oneLineMenuItem id="plex_Library_Channels" onSelect="toggleSettings('plex_Library_Channels', 'Settings/Library')">
                <label>{{TEXT(Channels)}}</label>
                <accessories>
                  <checkMark/>
                </accessories>{{CUT($plex_library_channels::unchecked=CUT|checked=)}}
              </oneLineMenuItem>              
            </items>
          </menuSection>
        </sections>
      </menu>
    </itemCollectionWithImageHeader>
  </body>
</atv>
