<?xml version="1.0" encoding="UTF-8"?>
<atv>
  <head>
    <script src="{{URL(:/js/utils.js)}}" />
    <script src="{{URL(:/js/settings.js)}}" />
  </head>

  <body>
    <itemCollectionWithImageHeader id="SettingsPage_VideoOSD">
      <header>
        <imageHeader>
          <image insets="0, 0, {{VAL(^aTVScreenResolution:1:720=552|1080=828)}}, 0" required="true">
           {{URL(:/fanartcache/{{LFBG("plex","{{EVAL(quote_plus("{{TEXT(Settings)}}"))}}","{{EVAL(quote_plus("{{TEXT(Movie Options)}}"))}}","backgrounds/plex{{VAL($plex_menubackground::Grey=default|Plex Orange=orange|Apple Blue=blue|Green=green)}}.png","{{VAL(^aTVScreenResolution)}}","fonts/OpenSans/OpenSans-Light.ttf","50","35","{{VAL($plex_titlecolor::White=fafafa|Grey=878787|Plex Orange=ff8800|Apple Blue=1357d4)}}","{{VAL($plex_subtitlecolor::White=fafafa|Grey=878787|Plex Orange=ff8800|Apple Blue=1357d4)}}","right","top","75","10","170","","PlexSubList{{VAL($plex_listtint::On=Text|Off=)}}"{{VAL($plex_menuhint::On=,"PlexPressMenu_{{VAL($plex_subtitlecolor::White=white|Plex Orange=orange|Apple Blue=blue|Grey=grey)}}"|Off=)}})}})}}
          </image>
        </imageHeader>
      </header>
      <preview>
        <keyedPreview>
          <title>&#x00AD;<!--soft-hyphen--></title>
          <summary/>
          <metadataKeys>
            <label>{{TEXT(Version)}}</label>
            <label>{{TEXT(Authors)}}</label>
            <label>{{TEXT(Wiki/Docs)}}</label>
            <label>{{TEXT(Homepage)}}</label>
            <label>{{TEXT(Forum)}}</label>
          </metadataKeys>
          <metadataValues>
            <label>{{EVAL(__VERSION__)}}</label>
            <label>Baa, roidy</label>
            <label>f00b4r, meltman</label>
            <label>https://github.com/ibaa/plexconnect</label>
            <label>http://forums.plexapp.com/...plexconnect</label>
          </metadataValues>
          <image>{{URL(:/templates/plex/images/PlexConnectLogo.png)}}</image>
        </keyedPreview>
      </preview>

      <menu>
        <sections>
          <menuSection>
            <items>
              <oneLineMenuItem id="plex_MovieView" onSelect="toggleSettings('plex_MovieView', 'Settings/Movies')">
                <label>{{TEXT(Movie View)}}</label>
                <rightLabel>{{SETTING(plex_movieview)}}</rightLabel>
              </oneLineMenuItem> 

              <oneLineMenuItem id="ActorView" onSelect="toggleSettings('ActorView', 'Settings/Movies')">
                <label>{{TEXT(Actor View)}}</label>
                <rightLabel>{{SETTING(actorview)}}</rightLabel>
              </oneLineMenuItem>
              
              <oneLineMenuItem id="ShowTitles_Movies" onSelect="toggleSettings('ShowTitles_Movies', 'Settings/Movies')">
                <label>{{TEXT(Poster Titles)}}</label>
                <rightLabel>{{SETTING(showtitles_movies)}}</rightLabel>
              </oneLineMenuItem>
            </items>
          </menuSection>

          <menuSection>
            <header>
              <horizontalDivider alignment="left">
                <title>{{TEXT(Movie Navigation Bar)}}</title>
              </horizontalDivider>
            </header>
            <items>

              <oneLineMenuItem id="Movies_NavBar_Unwatched" onSelect="toggleSettings('Movies_NavBar_Unwatched', 'Settings/Movies')">
                <label>{{TEXT(Unwatched)}}</label>
                <accessories>
                  <checkMark/>
                </accessories>{{CUT($movies_navbar_unwatched::unchecked=CUT|checked=)}}
              </oneLineMenuItem>
              
              <oneLineMenuItem id="Movies_NavBar_ByFolder" onSelect="toggleSettings('Movies_NavBar_ByFolder', 'Settings/Movies')">
                <label>{{TEXT(By Folder)}}</label>
                <accessories>
                  <checkMark/>
                </accessories>{{CUT($movies_navbar_byfolder::unchecked=CUT|checked=)}}
              </oneLineMenuItem>
              
              <oneLineMenuItem id="Movies_NavBar_Collections" onSelect="toggleSettings('Movies_NavBar_Collections', 'Settings/Movies')">
                <label>{{TEXT(Collections)}}</label>
                <accessories>
                  <checkMark/>
                </accessories>{{CUT($movies_navbar_collections::unchecked=CUT|checked=)}}
              </oneLineMenuItem>

              <oneLineMenuItem id="Movies_NavBar_Genres" onSelect="toggleSettings('Movies_NavBar_Genres', 'Settings/Movies')">
                <label>{{TEXT(Genres)}}</label>
                <accessories>
                  <checkMark/>
                </accessories>{{CUT($movies_navbar_genres::unchecked=CUT|checked=)}}
              </oneLineMenuItem>

              <oneLineMenuItem id="Movies_NavBar_Decades" onSelect="toggleSettings('Movies_NavBar_Decades', 'Settings/Movies')">
                <label>{{TEXT(Decades)}}</label>
                <accessories>
                  <checkMark/>
                </accessories>{{CUT($movies_navbar_decades::unchecked=CUT|checked=)}}
              </oneLineMenuItem>

              <oneLineMenuItem id="Movies_NavBar_Directors" onSelect="toggleSettings('Movies_NavBar_Directors', 'Settings/Movies')">
                <label>{{TEXT(Directors)}}</label>
                <accessories>
                  <checkMark/>
                </accessories>{{CUT($movies_navbar_directors::unchecked=CUT|checked=)}}
              </oneLineMenuItem>

              <oneLineMenuItem id="Movies_NavBar_Actors" onSelect="toggleSettings('Movies_NavBar_Actors', 'Settings/Movies')">
                <label>{{TEXT(Actors)}}</label>
                <accessories>
                  <checkMark/>
                </accessories>{{CUT($movies_navbar_actors::unchecked=CUT|checked=)}}
              </oneLineMenuItem>

              <oneLineMenuItem id="Movies_NavBar_More" onSelect="toggleSettings('Movies_NavBar_More', 'Settings/Movies')">
                <label>{{TEXT(More...)}}</label>
                <accessories>
                  <checkMark/>
                </accessories>{{CUT($movies_navbar_more::unchecked=CUT|checked=)}}
              </oneLineMenuItem>

            </items>
          </menuSection>
        </sections>
      </menu>
    </itemCollectionWithImageHeader>
  </body>
</atv>
