<?xml version="1.0" encoding="UTF-8"?>
<atv>
  <head>
    <script src="{{URL(:/js/utils.js)}}" />
    <script src="{{URL(:/js/settings.js)}}" />
  </head>
  <body>
    <itemCollectionWithImageHeader id="SettingsPage" >
      <header>
        <imageHeader>
          <image insets="0, 0, {{VAL(^aTVScreenResolution:1:720=552|1080=828)}}, 0" required="true">
           {{URL(:/fanartcache/{{LFBG("plex","{{EVAL(quote_plus("{{TEXT(Settings)}}"))}}","{{EVAL(quote_plus("{{TEXT(Transcoder Options)}}"))}}","backgrounds/plex{{VAL($plex_menubackground::Grey=default|Plex Orange=orange|Apple Blue=blue|Green=green)}}.png","{{VAL(^aTVScreenResolution)}}","fonts/OpenSans/OpenSans-Light.ttf","50","35","{{VAL($plex_titlecolor::White=fafafa|Grey=878787|Plex Orange=ff8800|Apple Blue=1357d4)}}","{{VAL($plex_subtitlecolor::White=fafafa|Grey=878787|Plex Orange=ff8800|Apple Blue=1357d4)}}","right","top","75","10","170","","PlexSubList{{VAL($plex_listtint::On=Text|Off=)}}"{{VAL($plex_menuhint::On=,"PlexPressMenu_{{VAL($plex_subtitlecolor::White=white|Plex Orange=orange|Apple Blue=blue|Grey=grey)}}"|Off=)}})}})}}
          </image>
        </imageHeader>
      </header>
      <preview>
        <keyedPreview>
          <title>&#x00AD;<!--soft-hyphen--></title>
          <summary/>
          <metadataKeys>
            <label>{{TEXT(Version)}}</label>
            <label>{{TEXT(Authors)}}</label>
            <label>{{TEXT(Wiki/Docs)}}</label>
            <label>{{TEXT(Homepage)}}</label>
            <label>{{TEXT(Forum)}}</label>
          </metadataKeys>
          <metadataValues>
            <label>{{EVAL(__VERSION__)}}</label>
            <label>Baa, roidy</label>
            <label>f00b4r, meltman</label>
            <label>https://github.com/ibaa/plexconnect</label>
            <label>http://forums.plexapp.com/...plexconnect</label>
          </metadataValues>
          <image>{{URL(:/templates/plex/images/PlexConnectLogo.png)}}</image>
        </keyedPreview>
      </preview>
      
      <menu>
        <sections>
          
          <menuSection>
            <items>
              <oneLineMenuItem id="TranscoderAction" onSelect="toggleSettings('TranscoderAction', 'Settings/Transcoder')">
                <label>{{TEXT(Transcoder Action)}}</label>
                <rightLabel>{{SETTING(transcoderaction)}}</rightLabel>
              </oneLineMenuItem>
              <oneLineMenuItem id="TranscodeQuality" onSelect="toggleSettings('TranscodeQuality', 'Settings/Transcoder')">
                <label>{{TEXT(Transcoder Quality)}}</label>
                <rightLabel>{{SETTING(transcodequality)}}</rightLabel>
              </oneLineMenuItem>
              <oneLineMenuItem id="RemoteBitrate" onSelect="toggleSettings('RemoteBitrate', 'Settings/Transcoder')">
                <label>{{TEXT(Remote Bitrate)}}</label>
                <rightLabel>{{SETTING(remotebitrate)}}</rightLabel>
              </oneLineMenuItem>
              <oneLineMenuItem id="PhotoTranscoderAction" onSelect="toggleSettings('PhotoTranscoderAction', 'Settings/Transcoder')">
                <label>{{TEXT(Photo Transcoder Action)}}</label>
                <rightLabel>{{SETTING(phototranscoderaction)}}</rightLabel>
              </oneLineMenuItem>
              <oneLineMenuItem id="SubtitleRenderer" onSelect="toggleSettings('SubtitleRenderer', 'Settings/Transcoder')">
                <label>{{TEXT(Subtitle Renderer)}}</label>
                <rightLabel>{{SETTING(subtitlerenderer)}}</rightLabel>
              </oneLineMenuItem>              
              <oneLineMenuItem id="SubtitleSize" onSelect="toggleSettings('SubtitleSize', 'Settings/Transcoder')">
                <label>{{TEXT(Subtitle Size %)}}</label>
                <rightLabel>{{SETTING(subtitlesize)}}</rightLabel>
              </oneLineMenuItem>
              <oneLineMenuItem id="AudioBoost" onSelect="toggleSettings('AudioBoost', 'Settings/Transcoder')">
                <label>{{TEXT(Audio Boost %)}}</label>
                <rightLabel>{{SETTING(audioboost)}}</rightLabel>
              </oneLineMenuItem>
            </items>
          </menuSection>
      
        </sections>
      </menu>
    </itemCollectionWithImageHeader>
  </body>
</atv>
