<?xml version="1.0" encoding="UTF-8"?>
<atv>
  <head>
    <script src="{{URL(:/js/utils.js)}}" />
    <script src="{{URL(:/js/settings.js)}}" />
  </head>

  <body>
    <itemCollectionWithImageHeader id="SettingsPage_VideoOSD">
      <header>
        <imageHeader>
          <image insets="0, 0, {{VAL(^aTVScreenResolution:1:720=552|1080=828)}}, 0" required="true">
           {{URL(:/fanartcache/{{LFBG("plex","{{EVAL(quote_plus("{{TEXT(Settings)}}"))}}","{{EVAL(quote_plus("{{TEXT(TV Show Options)}}"))}}","backgrounds/plex{{VAL($plex_menubackground::Grey=default|Plex Orange=orange|Apple Blue=blue|Green=green)}}.png","{{VAL(^aTVScreenResolution)}}","fonts/OpenSans/OpenSans-Light.ttf","50","35","{{VAL($plex_titlecolor::White=fafafa|Grey=878787|Plex Orange=ff8800|Apple Blue=1357d4)}}","{{VAL($plex_subtitlecolor::White=fafafa|Grey=878787|Plex Orange=ff8800|Apple Blue=1357d4)}}","right","top","75","10","170","","PlexSubList{{VAL($plex_listtint::On=Text|Off=)}}"{{VAL($plex_menuhint::On=,"PlexPressMenu_{{VAL($plex_subtitlecolor::White=white|Plex Orange=orange|Apple Blue=blue|Grey=grey)}}"|Off=)}})}})}}

          </image>
        </imageHeader>
      </header>
      <preview>
        <keyedPreview>
          <title>&#x00AD;<!--soft-hyphen--></title>
          <summary/>
          <metadataKeys>
            <label>{{TEXT(Version)}}</label>
            <label>{{TEXT(Authors)}}</label>
            <label>{{TEXT(Wiki/Docs)}}</label>
            <label>{{TEXT(Homepage)}}</label>
            <label>{{TEXT(Forum)}}</label>
          </metadataKeys>
          <metadataValues>
            <label>{{EVAL(__VERSION__)}}</label>
            <label>Baa, roidy</label>
            <label>f00b4r, meltman</label>
            <label>https://github.com/ibaa/plexconnect</label>
            <label>http://forums.plexapp.com/...plexconnect</label>
          </metadataValues>
          <image>{{URL(:/templates/plex/images/PlexConnectLogo.png)}}</image>
        </keyedPreview>
      </preview>

      <menu>
        <sections>
          <menuSection>
            <items>
              <oneLineMenuItem id="plex_ShowView" onSelect="toggleSettings('plex_ShowView', 'Settings/TVShows')">
                <label>{{TEXT(TV Show View)}}</label>
                <rightLabel>{{SETTING(plex_showview)}}</rightLabel>
              </oneLineMenuItem>
              <oneLineMenuItem id="SeasonView" onSelect="toggleSettings('SeasonView', 'Settings/TVShows')">
                <label>{{TEXT(Season View)}}</label>
                <rightLabel>{{SETTING(seasonview)}}</rightLabel>
              </oneLineMenuItem>
              <oneLineMenuItem id="ShowUnwatched" onSelect="toggleSettings('ShowUnwatched', 'Settings/TVShows')">
                <label>{{TEXT(Show Unwatched Count)}}</label>
                <rightLabel>{{SETTING(showunwatched)}}</rightLabel>
              </oneLineMenuItem>
              <oneLineMenuItem id="ShowSynopsis" onSelect="toggleSettings('ShowSynopsis', 'Settings/TVShows')">
                <label>{{TEXT(Unwatched Synopsis)}}</label>
                <rightLabel>{{SETTING(showsynopsis)}}</rightLabel>
              </oneLineMenuItem>
              <oneLineMenuItem id="FlattenSeason" onSelect="toggleSettings('FlattenSeason', 'Settings/TVShows')">
                <label>{{TEXT(Flatten Season)}}</label>
                <rightLabel>{{SETTING(flattenseason)}}</rightLabel>
              </oneLineMenuItem>
              <oneLineMenuItem id="ShowTitles_TVShows" onSelect="toggleSettings('ShowTitles_TVShows', 'Settings/TVShows')">
                <label>{{TEXT(Poster Titles)}}</label>
                <rightLabel>{{SETTING(showtitles_tvshows)}}</rightLabel>
              </oneLineMenuItem>
            </items>
          </menuSection>

          <menuSection>
            <header>
              <horizontalDivider alignment="left">
                <title>{{TEXT(TV Show Navigation Bar)}}</title>
              </horizontalDivider>
            </header>
            <items>

              <oneLineMenuItem id="TV_NavBar_Unwatched" onSelect="toggleSettings('TV_NavBar_Unwatched', 'Settings/TVShows')">
                <label>{{TEXT(Unwatched)}}</label>
                <accessories>
                  <checkMark/>
                </accessories>{{CUT($tv_navbar_unwatched::unchecked=CUT|checked=)}}
              </oneLineMenuItem>

              <oneLineMenuItem id="TV_NavBar_Genres" onSelect="toggleSettings('TV_NavBar_Genres', 'Settings/TVShows')">
                <label>{{TEXT(Genres)}}</label>
                <accessories>
                  <checkMark/>
                </accessories>{{CUT($tv_navbar_genres::unchecked=CUT|checked=)}}
              </oneLineMenuItem>

              <oneLineMenuItem id="TV_NavBar_More" onSelect="toggleSettings('TV_NavBar_More', 'Settings/TVShows')">
                <label>{{TEXT(More...)}}</label>
                <accessories>
                  <checkMark/>
                </accessories>{{CUT($tv_navbar_more::unchecked=CUT|checked=)}}
              </oneLineMenuItem>

            </items>
          </menuSection>
        </sections>
      </menu>
    </itemCollectionWithImageHeader>
  </body>
</atv>
