<?xml version="1.0" encoding="UTF-8"?>
<atv>
  <head>
    <script src="{{URL(:/js/utils.js)}}" />
    <script src="{{URL(:/js/settings.js)}}" />
  </head>
  <body>
    <itemCollectionWithImageHeader id="SettingsPage" >
      <header>
        <imageHeader>
          <image insets="0, 0, {{VAL(^aTVScreenResolution:1:720=552|1080=828)}}, 0" required="true">
           {{URL(:/fanartcache/{{LFBG("plex","{{EVAL(quote_plus("{{TEXT(Settings)}}"))}}","{{EVAL(quote_plus("{{TEXT(View Options)}}"))}}","backgrounds/plex{{VAL($plex_menubackground::Grey=default|Plex Orange=orange|Apple Blue=blue|Green=green)}}.png","{{VAL(^aTVScreenResolution)}}","fonts/OpenSans/OpenSans-Light.ttf","50","35","{{VAL($plex_titlecolor::White=fafafa|Grey=878787|Plex Orange=ff8800|Apple Blue=1357d4)}}","{{VAL($plex_subtitlecolor::White=fafafa|Grey=878787|Plex Orange=ff8800|Apple Blue=1357d4)}}","right","top","75","10","170","","PlexSubList{{VAL($plex_listtint::On=Text|Off=)}}"{{VAL($plex_menuhint::On=,"PlexPressMenu_{{VAL($plex_subtitlecolor::White=white|Plex Orange=orange|Apple Blue=blue|Grey=grey)}}"|Off=)}})}})}}
          </image>
        </imageHeader>
      </header>
      <preview>
        <keyedPreview>
          <title>&#x00AD;<!--soft-hyphen--></title>
          <summary/>
          <metadataKeys>
            <label>{{TEXT(Version)}}</label>
            <label>{{TEXT(Authors)}}</label>
            <label>{{TEXT(Wiki/Docs)}}</label>
            <label>{{TEXT(Homepage)}}</label>
            <label>{{TEXT(Forum)}}</label>
          </metadataKeys>
          <metadataValues>
            <label>{{EVAL(__VERSION__)}}</label>
            <label>Baa, roidy</label>
            <label>f00b4r, meltman</label>
            <label>https://github.com/ibaa/plexconnect</label>
            <label>http://forums.plexapp.com/...plexconnect</label>
          </metadataValues>
          <image>{{URL(:/templates/plex/images/PlexConnectLogo.png)}}</image>
        </keyedPreview>
      </preview>
      
      <menu>
        <sections>
          
         
          
          <menuSection>
            <items>
              
              <oneLineMenuItem id="LibraryView" onSelect="atv.loadURL('{{URL(:/)}}&amp;PlexConnect=SettingsLibrary')">
                <label>{{TEXT(Library Options)}}</label>
                <accessories>
                  <arrow/>
                </accessories>
              </oneLineMenuItem>
              <oneLineMenuItem id="Top Level" onSelect="atv.loadURL('{{URL(:/)}}&amp;PlexConnect=SettingsTopLevel')">
                <label>{{TEXT(Top Level Options)}}</label>
                <accessories>
                  <arrow/>
                </accessories>
              </oneLineMenuItem>{{CUT(^aTVFirmwareVersion:CUT:=CUT|9.0=)}}
              <oneLineMenuItem id="MovieView" onSelect="atv.loadURL('{{URL(:/)}}&amp;PlexConnect=SettingsMovies')">
                <label>{{TEXT(Movie Options)}}</label>
                <accessories>
                  <arrow/>
                </accessories>
              </oneLineMenuItem>
              <oneLineMenuItem id="ShowView" onSelect="atv.loadURL('{{URL(:/)}}&amp;PlexConnect=SettingsTVShows')">
                <label>{{TEXT(TV Show Options)}}</label>
                <accessories>
                  <arrow/>
                </accessories>
              </oneLineMenuItem>
              <oneLineMenuItem id="HomevideoView" onSelect="atv.loadURL('{{URL(:/)}}&amp;PlexConnect=SettingsHomeVideos')">
                <label>{{TEXT(Home Video Options)}}</label>
                <accessories>
                  <arrow/>
                </accessories>
              </oneLineMenuItem>
              <oneLineMenuItem id="VideoOSD" onSelect="atv.loadURL('{{URL(:/)}}&amp;PlexConnect=SettingsVideoOSD')">
                <label>{{TEXT(Video Player OSD)}}</label>
                <accessories>
                  <arrow/>
                </accessories>
              </oneLineMenuItem>
              <oneLineMenuItem id="DurationFormat" onSelect="toggleSettings('DurationFormat', 'Settings/Views')">
                <label>{{TEXT(Duration Format)}}</label>
                <rightLabel>{{SETTING(durationformat)}}</rightLabel>
              </oneLineMenuItem>
            </items>
          </menuSection>
          
         

          
        </sections>
      </menu>
    </itemCollectionWithImageHeader>
  </body>
</atv>
