<atv>
  <head>
    <script src="{{URL(:/js/utils.js)}}" />
  </head>

  <body>
    <scroller id="Show_Bookcase">
    {{CUT(size:CUT:0=CUT|1=)}}
      <header>
	    <imageHeader>
	      <image insets="0, 0, {{VAL(^aTVScreenResolution:1:720=580|1080=870)}}, 0" required="true">
           {{URL(:/fanartcache/{{LFBG("plex","{{EVAL(quote_plus("{{VAL(title1)}}"))}}","{{EVAL(quote_plus("{{VAL(title2)}}"))}}","backgrounds/plex{{VAL($plex_menubackground::Grey=default|Plex Orange=orange|Apple Blue=blue|Green=green)}}.png","{{VAL(^aTVScreenResolution)}}","fonts/OpenSans/OpenSans-Light.ttf","50","35","{{VAL($plex_titlecolor::White=fafafa|Grey=878787|Plex Orange=ff8800|Apple Blue=1357d4)}}","{{VAL($plex_subtitlecolor::White=fafafa|Grey=878787|Plex Orange=ff8800|Apple Blue=1357d4)}}","right","top","70","10","170","","PlexSubGrid{{VAL($plex_gridtint::On=Text|Off=)}}"{{VAL($plex_menuhint::On=,"PlexPressMenu_{{VAL($plex_subtitlecolor::White=white|Plex Orange=orange|Apple Blue=blue|Grey=grey)}}"|Off=)}})}})}}
          </image>
	    </imageHeader>
      </header>
      <items>

        <__COPY__>
        {{COPY(Directory)}}
          <collectionDivider alignment="left" accessibilityLabel="Show_Bookcase_Divider">
            <title>{{VAL(title)}}</title>
          </collectionDivider>

          <shelf id="Show_Bookcase_Shelf_{{VAL(title)}}" columnCount="7">
            <sections>
              <shelfSection>
                <items>
                {{ADDXML(seasons:key)}}
                  <fourByThreePoster id="Show_Bookcase_{{VAL(key)}}" featured="true" alwaysShowTitles="{{VAL($showtitles_tvshows::Highlighted Only=false|Show All=true)}}"
                              onPlay="atv.loadURL('{{URL(key)}}')"
                              onSelect="atv.loadURL('{{URL(key)}}')"
                              onHoldSelect="scrobbleMenu('{{stripChildrenURL(key)}}&amp;PlexConnect=ScrobbleMenuDirectory')">
                    {{COPY(@seasons/Directory)}}
                    <title>{{VAL(title)}}</title>
                    <image>{{IMAGEURL(thumb::384)}}</image>
                    <defaultImage>resource://Poster.png</defaultImage>
                    <badgeCount>{{unwatchedCountGrid(leafCount:0:viewedLeafCount:0)}}</badgeCount>{{CUT($showunwatched::False=CUT|True=)}}
                    </fourByThreePoster><!--{{CUT(Directory/title:CUT:=)}}-->
                </items>
              </shelfSection>
            </sections>
          </shelf>
        </__COPY__>
      </items>
    </scroller>

    <!--No Shows Available-->
    <dialog id="com.sample.error-dialog">
    {{CUT(size::0=|1=CUT)}}
      <title>PlexConnect</title>
      <description>{{TEXT(No Unwatched Shows.)}}</description>
    </dialog>
  </body>
</atv>
