<atv>
  <head>
    <script src="{{URL(:/js/utils.js)}}" />
  </head>

  <body>
    <scroller id="Show_Flow">
      <!--<header>
        <imageHeader>
          <image insets="0, 0, {{VAL(^aTVScreenResolution:1:720=590|1080=885)}}, 0" required="true">{{URL(:/fanartcache/{{LFBG("falco953","{{EVAL(quote_plus("{{VAL(title1)}}"))}}","{{EVAL(quote_plus("{{VAL(title2)}}"))}}","backgrounds/show.jpg","{{VAL(^aTVScreenResolution)}}","fonts/OpenSans/OpenSans-Light.ttf","0","0","FFFFFF","FFFFFF","center","top","","30","","10","Empty")}})}}</image>
        </imageHeader>
      </header>-->
      <items>
        <grid columnCount="6" id="grid_0">
          <items>
            <squarePoster id="{{VAL(key)}}" featured="true" alwaysShowTitles="{{VAL($showtitles_tvshows::Highlighted Only=false|Show All=true)}}"
                         onPlay="flattenSeason('{{URL(key)}}', '{{SETTING(flattenseason)}}', 'False')"
                         onSelect="flattenSeason('{{URL(key)}}', '{{SETTING(flattenseason)}}', 'False')"
                         onHoldSelect="scrobbleMenu('{{stripChildrenURL(key)}}&amp;PlexConnect=ScrobbleMenuDirectory')">
              {{COPY(Directory)}}
              <title>{{VAL(title)}}</title>
                <image>{{IMAGEURL(thumb::768)}}</image>
              <defaultImage>resource://Poster.png</defaultImage>
				<badgeCount>{{unwatchedCountGrid(leafCount:0:viewedLeafCount:0)}}</badgeCount>{{CUT($showunwatched::False=CUT|True=)}}
            </squarePoster>{{CUT(Directory/title:CUT:=)}}

            <moviePoster id="none">
              <title>{{TEXT(No Unwatched Shows)}}</title>
              <defaultImage>resource://Poster.png</defaultImage>
            </moviePoster>{{CUT(Directory/title::=CUT)}}
          </items>
        </grid>
      </items>
    </scroller>
  </body>
</atv>
