<atv>
  <head>
    <script src="{{URL(:/js/utils.js)}}" />
  </head>

  <body>
    <scroller id="Show_Grid">
      <header>
	    <imageHeader>
          <image insets="0, 0, {{VAL(^aTVScreenResolution:1:720=550|1080=825)}}, 0" required="true">{{URL(:/fanartcache/{{LFBG("plex","{{EVAL(quote_plus("{{VAL(title1)}}"))}}","{{EVAL(quote_plus("{{VAL(title2)}}"))}}","backgrounds/plex{{VAL($plex_menubackground::Grey=default|Plex Orange=orange|Apple Blue=blue|Green=green)}}.png","{{VAL(^aTVScreenResolution)}}","fonts/OpenSans/OpenSans-Light.ttf","50","35","{{VAL($plex_titlecolor::White=fafafa|Grey=878787|Plex Orange=ff8800|Apple Blue=1357d4)}}","{{VAL($plex_subtitlecolor::White=fafafa|Grey=878787|Plex Orange=ff8800|Apple Blue=1357d4)}}","right","top","70","10","170","","PlexSubGrid{{VAL($plex_gridtint::On=Text|Off=)}}"{{VAL($plex_menuhint::On=,"PlexPressMenu_{{VAL($plex_subtitlecolor::White=white|Plex Orange=orange|Apple Blue=blue|Grey=grey)}}"|Off=)}})}})}}
          </image>
	    </imageHeader>
      </header>
      <items>

        <grid columnCount="7" id="grid_0">
          <items>
            <fourByThreePoster id="{{VAL(key)}}" featured="true" alwaysShowTitles="{{VAL($showtitles_tvshows::Highlighted Only=false|Show All=true)}}"
                         onPlay="flattenSeason('{{URL(key)}}', '{{SETTING(flattenseason)}}', 'False')"
                         onSelect="flattenSeason('{{URL(key)}}', '{{SETTING(flattenseason)}}', 'False')"
                         onHoldSelect="scrobbleMenu('{{stripChildrenURL(key)}}&amp;PlexConnect=ScrobbleMenuDirectory')">
              {{COPY(Directory)}}
              <title>{{VAL(title)}}</title>
              <image>{{IMAGEURL(thumb::384)}}</image>
              <defaultImage>resource://Poster.png</defaultImage>
			  <badgeCount>{{unwatchedCountGrid(leafCount:0:viewedLeafCount:0)}}</badgeCount>{{CUT($showunwatched::False=CUT|True=)}}
            </fourByThreePoster>{{CUT(Directory/title:CUT:=)}}

            <fourByThreePoster id="none">
              <title>{{TEXT(No Unwatched Shows)}}</title>
              <defaultImage>resource://Poster.png</defaultImage>
            </fourByThreePoster>{{CUT(Directory/title::=CUT)}}
          </items>
        </grid>
      </items>
    </scroller>
    
  </body>
</atv>
