<atv>
  <head>
    <script src="{{URL(:/js/utils.js)}}" />
  </head>

  <body>
    <itemCollectionWithImageHeader id="Show_List">
      <header>
	    <imageHeader>
	      <image insets="0, 0, {{VAL(^aTVScreenResolution:1:720=552|1080=828)}}, 0" required="true">
	      {{URL(:/fanartcache/{{LFBG("plex","{{EVAL(quote_plus("{{VAL(title1)}}"))}}","{{EVAL(quote_plus("{{VAL(title2)}}"))}}","backgrounds/plex{{VAL($plex_menubackground::Grey=default|Plex Orange=orange|Apple Blue=blue|Green=green)}}.png","{{VAL(^aTVScreenResolution)}}","fonts/OpenSans/OpenSans-Light.ttf","50","35","{{VAL($plex_titlecolor::White=fafafa|Grey=878787|Plex Orange=ff8800|Apple Blue=1357d4)}}","{{VAL($plex_subtitlecolor::White=fafafa|Grey=878787|Plex Orange=ff8800|Apple Blue=1357d4)}}","right","top","70","10","170","","PlexSubList{{VAL($plex_paradelisttint::On=Text|Off=)}}"{{VAL($plex_menuhint::On=,"PlexPressMenu_{{VAL($plex_subtitlecolor::White=white|Plex Orange=orange|Apple Blue=blue|Grey=grey)}}"|Off=)}})}})}}
	      </image>
	    </imageHeader>
      </header>
      <menu>
        <sections>
          <menuSection>
            <items>
              <oneLineMenuItem id="{{VAL(key)}}" onPlay="flattenSeason('{{URL(key)}}', '{{SETTING(flattenseason)}}', 'False')"
                                                 onSelect="flattenSeason('{{URL(key)}}', '{{SETTING(flattenseason)}}', 'False')"
                                                 onHoldSelect="scrobbleMenu('{{stripChildrenURL(key)}}&amp;PlexConnect=ScrobbleMenuDirectory')">
                {{COPY(Directory)}}
                <label>{{VAL(title)}}</label>
								<rightLabel>{{unwatchedCountList(leafCount:0:viewedLeafCount:0)}}</rightLabel>{{CUT($showunwatched::False=CUT|True=)}}
								
                <preview>
                  <crossFadePreview>
                    <image>{{IMAGEURL(thumb::768)}}</image>
                  </crossFadePreview>
                </preview>
              </oneLineMenuItem>{{CUT(Directory/title:CUT:=)}}

              <oneLineMenuItem id="none">
                <label>{{TEXT(No Unwatched Shows)}}</label>
              </oneLineMenuItem>{{CUT(Directory/title::=CUT)}}
            </items>
          </menuSection>
        </sections>
      </menu>
    </itemCollectionWithImageHeader>
  </body>
</atv>
