<atv>
  <head>
    <script src="{{URL(:/js/utils.js)}}" />
  </head>
    
  <body>
    <listWithPreview id="com.sample.menu-items-with-sections" volatile="true" onVolatileReload="atv.loadAndSwapURL('{{URL()}}')">
      <header>
        <itemCollectionWithImageHeader>
          	      <image insets="0, 0, {{VAL(^aTVScreenResolution:1:720=550|1080=825)}}, 0" required="true">{{URL(:/fanartcache/{{LFBG("plex","{{EVAL(quote_plus("{{VAL(title1)}}"))}}","{{EVAL(quote_plus("{{VAL(title2)}}"))}}","backgrounds/plex{{VAL($plex_menubackground::Grey=default|Plex Orange=orange|Apple Blue=blue|Green=green)}}.png","{{VAL(^aTVScreenResolution)}}","fonts/OpenSans/OpenSans-Light.ttf","50","35","{{VAL($plex_titlecolor::White=fafafa|Grey=878787|Plex Orange=ff8800|Apple Blue=1357d4)}}","{{VAL($plex_subtitlecolor::White=fafafa|Grey=878787|Plex Orange=ff8800|Apple Blue=1357d4)}}","right","top","70","10","170","","PlexSubGrid{{VAL($plex_gridtint::On=Text|Off=)}}"{{VAL($plex_menuhint::On=,"PlexPressMenu_{{VAL($plex_subtitlecolor::White=white|Plex Orange=orange|Apple Blue=blue|Grey=grey)}}"|Off=)}})}})}}
          	      </image>

        </imageHeader>
      </header>
      <menu>
        <sections>
          <menuSection>
            <items>
              <twoLineEnhancedMenuItem id="{{VAL(key)}}" 
                                       onPlay="atv.loadURL('{{URL(key)}}&amp;PlexConnect=Play')"
                                       onSelect="atv.loadURL('{{URL(key)}}&amp;PlexConnect=MoviePrePlay')
                                       onHoldSelect="scrobbleMenu('{{stripChildrenURL(key)}}&amp;PlexConnect=ScrobbleMenuVideo')">
                {{COPY(Video)}}
                <label>{{VAL(grandparentTitle)}}</label>
                <label2>{{episodestring(parentIndex:0:index:0:title:"default")}}</label2>
                <image>{{IMAGEURL(grandparentThumb::384)}}</image>
                <defaultImage>resource://Poster.png</defaultImage>
                <preview>
                  <keyedPreview>
                    <title>{{VAL(title)}}</title>
                    <summary>{{VAL(summary)}}</summary>
                    <image>{{IMAGEURL(thumb::768)}}</image>
                  </keyedPreview>
                </preview>
              </twoLineEnhancedMenuItem>
            </items>
          </menuSection>
        </sections>
      </menu>
    </itemCollectionWithImageHeader>
  </body>
</atv>
