<atv>
  <head>
    <script src="{{URL(:/js/utils.js)}}" />
  </head>

	<body>
    <itemCollectionWithImageHeader id="com.sample.menu-items-with-sections">
      <header>
        <imageHeader>
	      <image insets="0, 0, {{VAL(^aTVScreenResolution:1:720=552|1080=828)}}, 0" required="true">{{URL(:/fanartcache/{{LFBG("plex","{{EVAL(quote_plus("{{VAL(title1)}}"))}}","{{EVAL(quote_plus("{{TEXT(More...)}}"))}}","backgrounds/plex{{VAL($plex_menubackground::Grey=default|Plex Orange=orange|Apple Blue=blue|Green=green)}}.png","{{VAL(^aTVScreenResolution)}}","fonts/OpenSans/OpenSans-Light.ttf","50","35","{{VAL($plex_titlecolor::White=fafafa|Grey=878787|Plex Orange=ff8800|Apple Blue=1357d4)}}","{{VAL($plex_subtitlecolor::White=fafafa|Grey=878787|Plex Orange=ff8800|Apple Blue=1357d4)}}","right","top","70","10","170","","PlexSubList{{VAL($plex_paradelisttint::On=Text|Off=)}}"{{VAL($plex_menuhint::On=,"PlexPressMenu_{{VAL($plex_subtitlecolor::White=white|Plex Orange=orange|Apple Blue=blue|Grey=grey)}}"|Off=)}})}})}}
	      </image>
	    </imageHeader>
      </header>
      <menu>
        <sections>
          <menuSection>
            <items>
              <oneLineMenuItem id="unwatched" onPlay="atv.loadURL('{{URL(key)}}/unwatched&amp;PlexConnect=AllShows')" onSelect="atv.loadURL('{{URL(key)}}/unwatched&amp;PlexConnect=AllShows')">
                <label>{{TEXT(Unwatched)}}</label>
                <preview>
                  <link>{{URL(key)}}/unwatched?X-Plex-Container-Start=0&amp;X-Plex-Container-Size=25&amp;PlexConnect=SectionPreview</link>
                </preview>
              </oneLineMenuItem>{{CUT($tv_navbar_unwatched::checked=CUT|unchecked=)}}

              <oneLineMenuItem id="genres" onPlay="atv.loadURL('{{URL(key)}}/genre&amp;PlexConnect=DirectoryWithPreview')" onSelect="atv.loadURL('{{URL(key)}}/genre&amp;PlexConnect=DirectoryWithPreview')">
                <label>{{TEXT(Genres)}}</label>
                <preview>
                  <link>{{URL(key)}}/genres?X-Plex-Container-Start=0&amp;X-Plex-Container-Size=25&amp;PlexConnect=SectionPreview</link>
                </preview>
              </oneLineMenuItem>{{CUT($tv_navbar_genres::checked=CUT|unchecked=)}}

              <oneLineMenuItem id="recentlyViewedShows" onPlay="atv.loadURL('{{URL(key)}}/recentlyViewedShows')" onSelect="atv.loadURL('{{URL(key)}}/recentlyViewedShows')">
                <label>{{TEXT(Recently Viewed Shows)}}</label>
                <preview>
                  <link>{{URL(key)}}/recentlyViewedShows?X-Plex-Container-Start=0&amp;X-Plex-Container-Size=25&amp;PlexConnect=SectionPreview</link>
                </preview>
              </oneLineMenuItem>

              <oneLineMenuItem id="collection" onPlay="atv.loadURL('{{URL(key)}}/collection&amp;PlexConnect=DirectoryWithPreview')" onSelect="atv.loadURL('{{URL(key)}}/collection&amp;PlexConnect=DirectoryWithPreview')">
                <label>{{TEXT(By Collection)}}</label>
                <preview>
                  <link>{{URL(key)}}/collection?X-Plex-Container-Start=0&amp;X-Plex-Container-Size=25&amp;PlexConnect=SectionPreview</link>
                </preview>
              </oneLineMenuItem>

              <oneLineMenuItem id="year" onPlay="atv.loadURL('{{URL(key)}}/year&amp;PlexConnect=DirectoryWithPreview')" onSelect="atv.loadURL('{{URL(key)}}/year&amp;PlexConnect=DirectoryWithPreview')">
                <label>{{TEXT(By Year)}}</label>
              </oneLineMenuItem>

              <oneLineMenuItem id="contentRating" onPlay="atv.loadURL('{{URL(key)}}/contentRating&amp;PlexConnect=DirectoryWithPreview')" onSelect="atv.loadURL('{{URL(key)}}/contentRating&amp;PlexConnect=DirectoryWithPreview')">
                <label>{{TEXT(By Content Rating)}}</label>
                <preview>
                  <link>{{URL(key)}}/contentRating?X-Plex-Container-Start=0&amp;X-Plex-Container-Size=25&amp;PlexConnect=SectionPreview</link>
                </preview>
              </oneLineMenuItem>
              
              <oneLineMenuItem id="firstCharacter" onPlay="atv.loadURL('{{URL(key)}}/firstCharacter&amp;PlexConnect=DirectoryWithPreview')" onSelect="atv.loadURL('{{URL(key)}}/firstCharacter&amp;PlexConnect=DirectoryWithPreview')">
                <label>{{TEXT(By First Letter)}}</label>
                <preview>
                  <link>{{URL(key)}}/firstCharacter?X-Plex-Container-Start=0&amp;X-Plex-Container-Size=25&amp;PlexConnect=SectionPreview</link>
                </preview>
              </oneLineMenuItem>

              <oneLineMenuItem id="folder" onPlay="atv.loadURL('{{URL(key)}}/folder&amp;PlexConnect=ByFolder')" onSelect="atv.loadURL('{{URL(key)}}/folder&amp;PlexConnect=ByFolder')">
                <label>{{TEXT(By Folder)}}</label>
                <preview>
                  <link>{{URL(key)}}/folder?X-Plex-Container-Start=0&amp;X-Plex-Container-Size=25&amp;PlexConnect=SectionPreview</link>
                </preview>
              </oneLineMenuItem>
            </items>
          </menuSection>
        </sections>
      </menu>
    </itemCollectionWithImageHeader>
  </body>
</atv>
