<atv>
  <head>
    <script src="{{URL(:/js/utils.js)}}" />
    <script src="{{URL(:/js/updateXML.js)}}" />
  </head>
	<body>
		<viewWithNavigationBar id="PlexConnect_Navigation" onNavigate="loadItem(event)" volatile="true" onVolatileReload="updatePage('{{URL()}}');">
			<navigation currentIndex="0">

				<navigationItem id="All Shows">
					<title>{{TEXT(All Shows)}}</title>
					<url>{{URL(key)}}/all&amp;PlexConnect=AllShows</url>
				</navigationItem>

				<navigationItem id="On Deck">
					<title>{{TEXT(On Deck)}}</title>
					<url>{{URL(key)}}&amp;PlexConnect=TVSection</url>
				</navigationItem>

                <navigationItem id="Unwatched">
					<title>{{TEXT(Unwatched)}}</title>
					<url>{{URL(key)}}/unwatched&amp;PlexConnect=AllShows</url>
				</navigationItem>{{CUT($tv_navbar_unwatched::unchecked=CUT|checked=)}}

				<navigationItem id="Genres">
					<title>{{TEXT(Genres)}}</title>
					<url>{{URL(key)}}/genre&amp;PlexConnect=DirectoryWithPreview</url>
				</navigationItem>{{CUT($tv_navbar_genres::unchecked=CUT|checked=)}}

				<navigationItem id="More...">
					<title>{{TEXT(More...)}}</title>
					<url>{{URL(key)}}&amp;PlexConnect=TVSecondary</url>
				</navigationItem>{{CUT($tv_navbar_more::unchecked=CUT|checked=)}}

			</navigation>
		</viewWithNavigationBar>
	</body>
</atv>
