<atv> 
  <head>
    <script src="{{URL(:/js/utils.js)}}" />
    <script src="{{URL(:/js/scrobble.js)}}" />
    <script src="{{URL(:/js/settings.js)}}" />
    <script src="{{URL(:/js/selectAudioAndSubs.js)}}" />
  </head>
  <body>
    <itemDetailWithImageHeader id="com.apple.trailer" volatile="true" onVolatileReload="atv.loadAndSwapURL('{{URL()}}&amp;PlexConnect=MoviePrePlay')">
	  <styles>
          <color name="titleColor">#{{VAL($plex_tabletitlecolor::White=fafafa|Grey=878787|Plex Orange=ff8800|Apple Blue=1357d4)}}</color>
          <color name="metadataColor">#{{VAL($plex_metadatacolor::White=fafafa|Grey=878787)}}</color>
        </styles>
	   <header>
	    <imageHeader>
	      <image insets="0, 0, {{VAL(^aTVScreenResolution:1:720=460|1080=690)}}, 0" required="true">{{URL(:/fanartcache/{{LFBG("plex","{{EVAL(quote_plus("{{VAL(Video/title)}}"))}}","{{EVAL(quote_plus("({{VAL(Video/year)}}) {{VAL(Video/studio)}}"))}}","{{IMAGEURL(Video/art:::)}}","{{VAL(^aTVScreenResolution)}}","fonts/OpenSans/OpenSans-Light.ttf","40","20","FFFFFF","FFFFFF","left","top","350","246","130","{{VAL($plex_fanartblur::1=1|2=2|3=3|0=)}}","MoviePrePlay")}})}}</image>
	    </imageHeader>
	   </header>
	   <title>{{VAL(Video/title)}}</title>
      <rating>{{contentRating(Video/contentRating)}}</rating>
      <summary>{{VAL(Video/summary)}}</summary>
      <image style="moviePoster">{{IMAGEURL(Video/thumb::768)}}</image>
      <defaultImage>resource://Poster.png</defaultImage>

      <table>
        <columnDefinitions>
          <columnDefinition width="30" alignment="left">
            <title>{{TEXT(Details)}}</title>
          </columnDefinition>
          <columnDefinition width="25" alignment="left">
            <title>{{TEXT(Transcoder)}}</title>
          </columnDefinition>
          <columnDefinition width="25" alignment="left">
            <title>{{TEXT(Actors)}}</title>
          </columnDefinition>
          <columnDefinition width="25" alignment="left">
            <title>{{TEXT(Producers)}}</title>
          </columnDefinition>
        </columnDefinitions>
       <rows>
          <row>
            <label>{{VAL(Video/Genre/tag)}}</label>
            <label>{{SETTING(transcoderaction)}}</label>
            <label>{{VAL(Video/Role/tag)}}</label>
            <label>{{VAL(Video/Producer/tag)}}</label>
          </row>
          <row>
            <label>{{VAL(Video/Media/videoResolution:Unknown:1080=HD 1080p|720=HD 720p|576=SD|480=SD|sd=SD)}}   {{VAL(Video/Media/audioCodec:Unknown:ac3=AC3|aac=AAC|mp3=MP3|dca=DTS|drms=DRMS)}} {{VAL(Video/Media/audioChannels:Unknown:2=Stereo|6=5.1|8=7.1)}} </label>
            <label>{{SETTING(transcodequality)}}</label>
            <label>{{VAL(Video/Role[2]/tag)}}</label>
            <label>{{VAL(Video/Producer[2]/tag)}}</label>
          </row>
          <row>
			<label>{{getDurationString(Video/duration)}}</label>
			<label>{{SETTING(subtitlerenderer)}}</label>
            <label>{{VAL(Video/Role[3]/tag)}}</label>
            <label>{{VAL(Video/Producer[3]/tag)}}</label>
          </row>
          <row>
          	<label>{{VAL(Video/studio)}}</label>	
            <label>{{SETTING(remotebitrate)}}</label>
            <label>{{VAL(Video/Role[4]/tag)}}</label>
            <label>{{VAL(Video/Producer[4]/tag)}}</label>
          </row>
          <row>          
            <starRating hasUserSetRating="true">
              <percentage>{{EVAL({{VAL(Video/userRating:0)}} * 10)}}</percentage>
            </starRating>{{CUT(Video/userRating:CUT:0=)}}
            <starRating>
              <percentage>{{EVAL({{VAL(Video/rating:0)}} * 10)}}</percentage>
            </starRating>{{CUT(Video/userRating::0=CUT)}}
            <label>{{EVAL("{{VAL(Video/Media/container)}} / {{VAL(Video/Media/videoCodec)}}".upper())}}</label>
			</row>
		</rows>
   </table>


      <centerShelf>
        <shelf id="centerShelf" columnCount="4" center="true">
          <sections>
            <shelfSection>
              <items>
                <actionButton id="play" onSelect="atv.loadURL('{{URL(key)}}&amp;PlexConnect=Play')"
                                        onPlay="atv.loadURL('{{URL(key)}}&amp;PlexConnect=Play')">
                  <title>{{TEXT(Play)}}</title>
                  <image>resource://Play.png</image>
                  <focusedImage>resource://PlayFocused.png</focusedImage>
                  <badge>SD</badge>
                </actionButton>
                <actionButton id="playTrailer" onSelect="playTrailer('{{SVAL(Video/title)}}','{{VAL(Video/year)}}')"
                                        onPlay="playTrailer('{{SVAL(Video/title)}}','{{VAL(Video/year)}}')">
                  <title>{{TEXT(Trailer)}}</title>
                  <image>resource://Preview.png</image>
                  <focusedImage>resource://PreviewFocused.png</focusedImage>
                  <!--<badge></badge>-->
                </actionButton>
                <actionButton id="selectAudioAndSubs"
                               onHoldSelect="selectAudioAndSubs('{{VAL(%baseURL)}}', '{{VAL(%accesstoken)}}', '{{VAL(Video/Media/Part/id)}}')"
                              onSelect="selectAudioAndSubs('{{VAL(%baseURL)}}', '{{VAL(%accesstoken)}}', '{{VAL(Video/Media/Part/id)}}')"
                              onPlay="selectAudioAndSubs('{{VAL(%baseURL)}}', '{{VAL(%accesstoken)}}', '{{VAL(Video/Media/Part/id)}}')">
                  <title>{{TEXT(Audio/Subs)}}</title>
                  <image>resource://Queue.png</image>
                  <focusedImage>resource://QueueFocused.png</focusedImage>
                </actionButton>
                
                <actionButton id="scrobbleMenu" 
                				onHoldSelect="scrobbleMenu('{{URL(key)}}&amp;PlexConnect=ScrobbleMenuVideo')">
                  <title>{{TEXT(Watch Status)}}</title>
                  <image>resource://More.png</image>
                  <focusedImage>resource://MoreFocused.png</focusedImage>
                  <!--<badge></badge>-->
                </actionButton>
                
                  <!--Setting Button Edit -->
                
                <actionButton id="Settings" onSelect="atv.loadURL('{{URL(:/)}}&amp;PlexConnect=Settings')">
                  <title>{{TEXT(Settings)}}</title>
                  <image>resource://WishList.png</image>
                  <focusedImage>resource://WishListFocused.png</focusedImage>
                  <!--<badge></badge>-->
                </actionButton>
                
 
                
                <actionButton id="more" accessibilityLabel="More info" onSelect="atv.showMoreInfo();" onPlay="atv.showMoreInfo();">
                  <title>{{TEXT(More)}}</title>
                  <image>resource://More.png</image>
                  <focusedImage>resource://MoreFocused.png</focusedImage>
                </actionButton>
              </items>
              <stash>
                <stream>
                  {{COPY(Video/Media/Part/Stream)}}
                  <id>{{VAL(id:0)}}</id>
                  <language>{{VAL(language:Unknown)}}</language>
                  <format>{{VAL(format:UNK)}}</format>
                  <codec>{{VAL(codec)}}</codec>
                  <streamType>{{VAL(streamType:0)}}</streamType>
									<selected>{{VAL(selected:0)}}</selected>
                </stream>
              </stash>
            </shelfSection>
          </sections>
        </shelf>
      </centerShelf>

           <divider>
        <smallCollectionDivider alignment="left">
          <title>Others Starring {{VAL(Video/Role/tag)}}</title>
        </smallCollectionDivider>
      </divider>{{CUT(Video/Role/tag:CUT:=)}}

      {{ADDXML(parent::/library/sections/{{VAL(/librarySectionID)}}/actor/{{VAL(Video/Role/id)}}?X-Plex-Container-Start=0&amp;X-Plex-Container-Size=15)}}
      
      <bottomShelf>
        <shelf id="bottomShelf" columnCount="7">
          <sections>
            <shelfSection>
              <items>
              <moviePoster related="true" alwaysShowTitles="true" id="{{VAL(key)}}"
                           onPlay="atv.loadURL('{{URL(key)}}&amp;PlexConnect=Play')"
                           onSelect="atv.loadURL('{{URL(key)}}&amp;PlexConnect=MoviePrePlay')">
                  {{COPY(@parent/Video)}}
                  <title>{{VAL(title)}}</title>
                  <subtitle>{{VAL(year)}}</subtitle>
                  <image>{{IMAGEURL(thumb::384)}}</image>
                  <defaultImage>resource://MoviePoster.png</defaultImage>
                </moviePoster>
              </items>
            </shelfSection>
          </sections>
        </shelf>
      </bottomShelf>{{CUT(Video/Role/tag:CUT:=)}}
      
      <moreInfo>{{VAR(cut:NoKey:CUT)}}  <!--this sets the var to CUT-->
        <listScrollerSplit id="com.sample.list-scroller-split">
          <menu>
            <sections>
              <menuSection>
                <header>
                  <textDivider alignment="left" accessibilityLabel="Genres">
                    <title>{{TEXT(Genres)}}</title>
                  </textDivider>
                </header>
                <items>
                  <oneLineMenuItem id="list_2">
                    {{COPY(Video/Genre)}}
                    {{VAR(cut:NoKey:)}}  <!--this sets the var to None-->
                    <label>{{VAL(tag)}}</label>
                    <preview>
                      <link>{{URL(:/library/sections/)}}{{VAL(/librarySectionID)}}/genre/{{VAL(id)}}?X-Plex-Container-Start=0&amp;X-Plex-Container-Size=50&amp;PlexConnect=MoviePreview</link>
                    </preview>
                  </oneLineMenuItem>
                </items>
              </menuSection>{{CUT(Video/Genre/id:CUT:=)}}

              <menuSection>
                <header>
                  <textDivider alignment="left" accessibilityLabel="Directors">
                    <title>{{TEXT(Directors)}}</title>
                  </textDivider>
                </header>
                <items>
                  <oneLineMenuItem id="list_3" accessibilityLabel="Ivan Reitman">
                    {{COPY(Video/Director)}}
                    {{VAR(cut:NoKey:)}}  <!--this sets the var to None-->
                    <label>{{VAL(tag)}}</label>
                    <preview>
                      <link>{{URL(:/library/sections/)}}{{VAL(/librarySectionID)}}/director/{{VAL(id)}}/&amp;PlexConnect=MoviePreview</link>
                    </preview>
                  </oneLineMenuItem>
                </items>
              </menuSection>{{CUT(Video/Director/id:CUT:=)}}

              <menuSection>
                <header>
                  <textDivider alignment="left" accessibilityLabel="Actors">
                    <title>{{TEXT(Actors)}}</title>
                  </textDivider>
                </header>
                <items>
                  <twoLineMenuItem id="list_0" accessibilityLabel="Natalie Portman">
                    {{COPY(Video/Role)}}
                    {{VAR(cut:NoKey:)}}  <!--this sets the var to None-->
                    <label>{{VAL(tag)}}</label>
                    <label2>{{VAL(role)}}</label2>
                    <image>{{IMAGEURL(thumb::384)}}</image>
                    <defaultImage>resource://Poster.png</defaultImage>
                    <preview>
                      <link>{{URL(:/library/sections/)}}{{VAL(/librarySectionID)}}/actor/{{VAL(id)}}/&amp;PlexConnect=MoviePreview</link>
                    </preview>
                  </twoLineMenuItem>
                </items>
              </menuSection>{{CUT(Video/Role/id:CUT:=)}}
			</sections>
          </menu>
        </listScrollerSplit>
      </moreInfo>{{CUT(#cut)}}
  </itemDetailWithImageHeader>
  </body>
</atv>
