<atv>
  <head>
    <script src="{{URL(:/js/utils.js)}}" />
  </head>

	<body>
    <itemCollectionWithImageHeader id="com.sample.menu-items-with-sections">
      <header>
	    <imageHeader>
	      <image insets="0, 0, {{VAL(^aTVScreenResolution:1:720=552|1080=828)}}, 0" required="true">{{URL(:/fanartcache/{{LFBG("plex","{{EVAL(quote_plus("{{VAL(title1)}}"))}}","{{EVAL(quote_plus("{{VAL(title2)}}"))}}","backgrounds/plex{{VAL($plex_menubackground::Grey=default|Plex Orange=orange|Apple Blue=blue|Green=green)}}.png","{{VAL(^aTVScreenResolution)}}","fonts/OpenSans/OpenSans-Light.ttf","50","35","{{VAL($plex_titlecolor::White=fafafa|Grey=878787|Plex Orange=ff8800|Apple Blue=1357d4)}}","{{VAL($plex_subtitlecolor::White=fafafa|Grey=878787|Plex Orange=ff8800|Apple Blue=1357d4)}}","right","top","70","10","170","","PlexSubList{{VAL($plex_paradelisttint::On=Text|Off=)}}"{{VAL($plex_menuhint::On=,"PlexPressMenu_{{VAL($plex_subtitlecolor::White=white|Plex Orange=orange|Apple Blue=blue|Grey=grey)}}"|Off=)}})}})}}
	      </image>
	    </imageHeader>
      </header>
      <menu>
        <sections>
          <menuSection>
            <items>
              <oneLineMenuItem id="unwatched" onPlay="atv.loadURL('{{URL(key)}}/unwatched&amp;PlexConnect=AllMovies')" onSelect="atv.loadURL('{{URL(key)}}/unwatched&amp;PlexConnect=AllMovies')">
                <label>{{TEXT(Unwatched)}}</label>
                <preview>
                  <link>{{URL(key)}}/unwatched?X-Plex-Container-Start=0&amp;X-Plex-Container-Size=25&amp;PlexConnect=SectionPreview</link>
                </preview>
              </oneLineMenuItem>{{CUT($movies_navbar_unwatched::checked=CUT|unchecked=)}}

              <oneLineMenuItem id="collection" onPlay="atv.loadURL('{{URL(key)}}/collection&amp;PlexConnect=DirectoryWithPreview')" onSelect="atv.loadURL('{{URL(key)}}/collection&amp;PlexConnect=DirectoryWithPreview')">
                <label>{{TEXT(Collections)}}</label>
                <preview>
                  <link>{{URL(key)}}/collection?X-Plex-Container-Start=0&amp;X-Plex-Container-Size=25&amp;PlexConnect=SectionPreview</link>
                </preview>
              </oneLineMenuItem>{{CUT($movies_navbar_collections::checked=CUT|unchecked=)}}

              <oneLineMenuItem id="genres" onPlay="atv.loadURL('{{URL(key)}}/genre&amp;PlexConnect=DirectoryWithPreview')" onSelect="atv.loadURL('{{URL(key)}}/genre&amp;PlexConnect=DirectoryWithPreview')">
                <label>{{TEXT(Genres)}}</label>
                <preview>
                  <link>{{URL(key)}}/genres?X-Plex-Container-Start=0&amp;X-Plex-Container-Size=25&amp;PlexConnect=SectionPreview</link>
                </preview>
              </oneLineMenuItem>{{CUT($movies_navbar_genres::checked=CUT|unchecked=)}}

              <oneLineMenuItem id="decades" onPlay="atv.loadURL('{{URL(key)}}/decade&amp;PlexConnect=DirectoryWithPreview')" onSelect="atv.loadURL('{{URL(key)}}/decade&amp;PlexConnect=DirectoryWithPreview')">
                <label>{{TEXT(Decades)}}</label>
                <preview>
                  <link>{{URL(key)}}/decade?X-Plex-Container-Start=0&amp;X-Plex-Container-Size=25&amp;PlexConnect=SectionPreview</link>
                </preview>
              </oneLineMenuItem>{{CUT($movies_navbar_decades::checked=CUT|unchecked=)}}

              <oneLineMenuItem id="directors" onPlay="atv.loadURL('{{URL(key)}}/director&amp;PlexConnect=DirectoryWithPreview')" onSelect="atv.loadURL('{{URL(key)}}/director&amp;PlexConnect=DirectoryWithPreview')">
                <label>{{TEXT(Directors)}}</label>
                <preview>
                  <link>{{URL(key)}}/director?X-Plex-Container-Start=0&amp;X-Plex-Container-Size=25&amp;PlexConnect=SectionPreview</link>
                </preview>
              </oneLineMenuItem>{{CUT($movies_navbar_directors::checked=CUT|unchecked=)}}

              <oneLineMenuItem id="actors" onPlay="atv.loadURL('{{URL(key)}}/actor&amp;PlexConnect=DirectoryWithPreviewActors')" onSelect="atv.loadURL('{{URL(key)}}/actor&amp;PlexConnect=DirectoryWithPreviewActors')">
                <label>{{TEXT(Actors)}}</label>
                <preview>
                  <link>{{URL(key)}}/actor?X-Plex-Container-Start=0&amp;X-Plex-Container-Size=25&amp;PlexConnect=SectionPreview</link>
                </preview>
              </oneLineMenuItem>{{CUT($movies_navbar_actors::checked=CUT|unchecked=)}}

              <oneLineMenuItem id="recentlyViewed" onPlay="atv.loadURL('{{URL(key)}}/recentlyViewed')" onSelect="atv.loadURL('{{URL(key)}}/recentlyViewed')">
                <label>{{TEXT(Recently Viewed)}}</label>
                <preview>
                  <link>{{URL(key)}}/recentlyViewed?X-Plex-Container-Start=0&amp;X-Plex-Container-Size=25&amp;PlexConnect=SectionPreview</link>
                </preview>
              </oneLineMenuItem>

              <oneLineMenuItem id="year" onPlay="atv.loadURL('{{URL(key)}}/year&amp;PlexConnect=DirectoryWithPreview')" onSelect="atv.loadURL('{{URL(key)}}/year&amp;PlexConnect=DirectoryWithPreview')">
                <label>{{TEXT(By Year)}}</label>
                <preview>
                  <link>{{URL(key)}}/year?X-Plex-Container-Start=0&amp;X-Plex-Container-Size=25&amp;PlexConnect=SectionPreview</link>
                </preview>
              </oneLineMenuItem>

              <oneLineMenuItem id="country" onPlay="atv.loadURL('{{URL(key)}}/country&amp;PlexConnect=DirectoryWithPreview')" onSelect="atv.loadURL('{{URL(key)}}/country&amp;PlexConnect=DirectoryWithPreview')">
                <label>{{TEXT(By Country)}}</label>
                <preview>
                  <link>{{URL(key)}}/country?X-Plex-Container-Start=0&amp;X-Plex-Container-Size=25&amp;PlexConnect=SectionPreview</link>
                </preview>
              </oneLineMenuItem>

              <oneLineMenuItem id="contentRating" onPlay="atv.loadURL('{{URL(key)}}/contentRating&amp;PlexConnect=DirectoryWithPreview')" onSelect="atv.loadURL('{{URL(key)}}/contentRating&amp;PlexConnect=DirectoryWithPreview')">
                <label>{{TEXT(By Content Rating)}}</label>
                <preview>
                  <link>{{URL(key)}}/contentRating?X-Plex-Container-Start=0&amp;X-Plex-Container-Size=25&amp;PlexConnect=SectionPreview</link>
                </preview>
              </oneLineMenuItem>

              <oneLineMenuItem id="rating" onPlay="atv.loadURL('{{URL(key)}}/rating&amp;PlexConnect=DirectoryWithPreview')" onSelect="atv.loadURL('{{URL(key)}}/rating&amp;PlexConnect=DirectoryWithPreview')">
                <label>{{TEXT(By Rating)}}</label>
                <preview>
                  <link>{{URL(key)}}/rating?X-Plex-Container-Start=0&amp;X-Plex-Container-Size=25&amp;PlexConnect=SectionPreview</link>
                </preview>
              </oneLineMenuItem>

              <oneLineMenuItem id="resolution" onPlay="atv.loadURL('{{URL(key)}}/resolution&amp;PlexConnect=DirectoryWithPreview')" onSelect="atv.loadURL('{{URL(key)}}/resolution&amp;PlexConnect=DirectoryWithPreview')">
                <label>{{TEXT(By Resolution)}}</label>
                <preview>
                  <link>{{URL(key)}}/resolution?X-Plex-Container-Start=0&amp;X-Plex-Container-Size=25&amp;PlexConnect=SectionPreview</link>
                </preview>
              </oneLineMenuItem>

              <oneLineMenuItem id="firstCharacter" onPlay="atv.loadURL('{{URL(key)}}/firstCharacter&amp;PlexConnect=DirectoryWithPreview')" onSelect="atv.loadURL('{{URL(key)}}/firstCharacter&amp;PlexConnect=DirectoryWithPreview')">
                <label>{{TEXT(By First Letter)}}</label>
                <preview>
                  <link>{{URL(key)}}/firstCharacter?X-Plex-Container-Start=0&amp;X-Plex-Container-Size=25&amp;PlexConnect=SectionPreview</link>
                </preview>
              </oneLineMenuItem>

              <oneLineMenuItem id="folder" onPlay="atv.loadURL('{{URL(key)}}/folder&amp;PlexConnect=MovieByFolder')" onSelect="atv.loadURL('{{URL(key)}}/folder&amp;PlexConnect=MovieByFolder')">
                <label>{{TEXT(By Folder)}}</label>
                <preview>
                  <link>{{URL(key)}}/folder?X-Plex-Container-Start=0&amp;X-Plex-Container-Size=25&amp;PlexConnect=SectionPreview</link>
                </preview>
              </oneLineMenuItem>{{CUT($movies_navbar_byfolder::checked=CUT|unchecked=)}}

            </items>
          </menuSection>
        </sections>
      </menu>
    </itemCollectionWithImageHeader>
  </body>
</atv>
