<atv>
  <head>
    <script src="{{URL(:/js/utils.js)}}" />
    <script src="{{URL(:/js/updateXML.js)}}" />
  </head>

	<body>
		<viewWithNavigationBar id="PlexConnect_Navigation" onNavigate="loadItem(event)" volatile="true" onVolatileReload="updatePage('{{URL()}}');">
			<navigation currentIndex="1">

      <navigationItem id="All">
					<title>{{TEXT(All Videos)}}</title>
					<url>{{URL(key)}}/all&amp;PlexConnect=AllHomeVideos</url>
				</navigationItem>

				<navigationItem id="On deck">
					<title>{{TEXT(On Deck)}}</title>
					<url>{{URL(key)}}&amp;PlexConnect=HomeVideoSection</url>
				</navigationItem>

				<navigationItem id="Unwatched">
					<title>{{TEXT(Unwatched)}}</title>
					<url>{{URL(key)}}/unwatched&amp;PlexConnect=AllHomeVideos</url>
				</navigationItem>{{CUT($homevideos_navbar_unwatched::unchecked=CUT|checked=)}}

				<navigationItem id="ByFolder">
					<title>{{TEXT(By Folder)}}</title>
					<url>{{URL(key)}}/folder&amp;PlexConnect=HomeVideoDirectory</url>
				</navigationItem>{{CUT($homevideos_navbar_byfolder::unchecked=CUT|checked=)}}

				<navigationItem id="Genres">
					<title>{{TEXT(Genres)}}</title>
					<url>{{URL(key)}}/genre&amp;PlexConnect=DirectoryWithPreview</url>
				</navigationItem>{{CUT($homevideos_navbar_genres::unchecked=CUT|checked=)}}

				<navigationItem id="Collections">
					<title>{{TEXT(Collections)}}</title>
					<url>{{URL(key)}}/collection&amp;PlexConnect=DirectoryWithPreview</url>
				</navigationItem>{{CUT($homevideos_navbar_collections::unchecked=CUT|checked=)}}
        
			</navigation>
		</viewWithNavigationBar>
	</body>
</atv>
