<?xml version="1.0" encoding="UTF-8"?> 
<atv> 
  <head>{{CUT(^aTVFirmwareVersion:CUT:4.0=|6.0=CUT)}}
    <script src="{{URL(:/js/utils.js)}}"/> 
  </head> 
  
  <body>{{CUT(^aTVFirmwareVersion:CUT:4.0=|6.0=CUT)}}
    <optionDialog id="scrobble.optionDialog">
      <header>
        <simpleHeader>
          <title>{{VAL(title1)}}</title>
          <subtitle>{{VAL(title2)}}</subtitle>
        </simpleHeader>
      </header> 
      
      <menu>
        <sections>
          <menuSection>
            <header>
              <horizontalDivider alignment="left">
                <title></title>
              </horizontalDivider>
            </header>
            
            <items>
              <oneLineMenuItem id="item2" onSelect="markItem('{{VAL(%baseURL)}}', '{{VAL(%accesstoken)}}', '{{VAL(key)}}', 'scrobble');atv.unloadPage();">
                <label>{{TEXT(Mark as Watched)}}</label>
              </oneLineMenuItem>
        
              <oneLineMenuItem id="item3" onSelect="markItem('{{VAL(%baseURL)}}', '{{VAL(%accesstoken)}}', '{{VAL(key)}}', 'unscrobble');atv.unloadPage();">
                <label>{{TEXT(Mark as Unwatched)}}</label>
              </oneLineMenuItem>
        
              <oneLineMenuItem id="item4" onSelect="atv.loadURL('{{URL(key)}}&amp;PlexConnect=ChangeShowArtwork')">
                <label>{{TEXT(Change All Artwork)}}</label>
              </oneLineMenuItem>{{CUT(viewGroup:CUT:season=)}}
        
              <oneLineMenuItem id="item4" onSelect="atv.loadURL('{{URL(key)}}&amp;PlexConnect=ChangeSingleArtwork')">
                <label>{{TEXT(Change Artwork)}}</label>
              </oneLineMenuItem>{{CUT(viewGroup::episode=|season=CUT)}}
              
             <oneLineMenuItem id="item4" onSelect="atv.loadURL('{{URL(key)}}&amp;PlexConnect=ChangeShowFanart')">
                <label>{{TEXT(Change All Fanart)}}</label>
            </oneLineMenuItem>{{CUT(viewGroup:CUT:season=)}}
            </items>

          </menuSection>
        </sections>
      </menu>
    </optionDialog>
  </body>
  
  <body>{{CUT(^aTVFirmwareVersion::4.0=CUT|6.0=)}}
    <popUpMenu id='context_menu'>
      <sections>
        <menuSection>
          <items>
            <oneLineMenuItem id="item2" onSelect="markItem('{{VAL(%baseURL)}}', '{{VAL(%accesstoken)}}', '{{VAL(key)}}', 'scrobble');updateContextXML();">
              <label>{{TEXT(Mark as Watched)}}</label>
            </oneLineMenuItem>
        
            <oneLineMenuItem id="item3" onSelect="markItem('{{VAL(%baseURL)}}', '{{VAL(%accesstoken)}}', '{{VAL(key)}}', 'unscrobble');updateContextXML();">
              <label>{{TEXT(Mark as Unwatched)}}</label>
            </oneLineMenuItem>
            
            <oneLineMenuItem id="item4" onSelect="atv.loadURL('{{URL(key)}}&amp;PlexConnect=ChangeShowArtwork')">
              <label>{{TEXT(Change All Artwork)}}</label>
            </oneLineMenuItem>{{CUT(viewGroup:CUT:season=)}}
        
            <oneLineMenuItem id="item4" onSelect="atv.loadURL('{{URL(key)}}&amp;PlexConnect=ChangeSingleArtwork')">
              <label>{{TEXT(Change Artwork)}}</label>
            </oneLineMenuItem>{{CUT(viewGroup::episode=|season=CUT)}}
            
            <oneLineMenuItem id="item4" onSelect="atv.loadURL('{{URL(key)}}&amp;PlexConnect=ChangeShowFanart')">
                <label>{{TEXT(Change All Fanart)}}</label>
            </oneLineMenuItem>{{CUT(viewGroup:CUT:season=)}}
              
          </items>
        </menuSection>
      </sections> 
    </popUpMenu>
  </body>
</atv>
