<atv>
  <head>
    <script src="{{URL(:/js/utils.js)}}" />
  </head>

  <body>
    {{VAR(sections:NoKey:FALSE)}}  <!--this sets the var to FALSE-->
    
    <!-- Bookcase -->
    <scroller id="Library_Bookcase">
      <header>
        <imageHeader>
	     <image insets="0, 0, {{VAL(^aTVScreenResolution:1:720=590|1080=885)}}, 0" required="true">{{URL(:/fanartcache/{{LFBG("plex","{{EVAL(quote_plus("{{TEXT(Plex Library)}}"))}}","","backgrounds/plex{{VAL($plex_menubackground::Grey=default|Plex Orange=orange|Apple Blue=blue|Green=green)}}.png","{{VAL(^aTVScreenResolution)}}","fonts/OpenSans/OpenSans-Light.ttf","50","20","FFFFFF","FFFFFF","center","top","","90","","","Simple")}})}}</image>
	   </imageHeader>
      </header>
          
      <items>

        <__COPY__>
        <!-- servers -->
          {{COPY(Server:@main/size::0=|1=COPY)}}
         <collectionDivider alignment="left" accessibilityLabel="{{VAL(title2)}}">
          <title>{{TEXT(Sections)}}</title>
         </collectionDivider>{{CUT(@main/size:CUT:0=CUT|1=|2=CUT)}} 
          <collectionDivider alignment="left" accessibilityLabel="Show_Bookcase_Divider">
            <title>{{VAL(local::0= {{TEXT(Remote)}}|0 =)}}: {{VAL(name)}}</title>
          </collectionDivider>{{CUT(@main/size:CUT:0=CUT|1=CUT|2=)}}
          
          <grid id="Library_Grid_{{VAL(name)}}" columnCount="5">
            <items>
              <!-- /library/sections -->
              <fourByThreePoster id="{{VAL(key)}}" showOutline="false" featured="true" alwaysShowTitles="true"
                           onPlay="atv.loadURL('{{URL(key)}}')"
                           onSelect="atv.loadURL('{{URL(key)}}')"
                           onHoldSelect="refreshSection('{{VAL(key)}}', '{{URL(refreshKey)}}')">
              {{COPY(Directory)}}
              {{VAR(sections:NoKey:TRUE)}}  <!--within COPY this sets the var to TRUE-->
                <title>{{VAL(title)}}</title>
                <subtitle>{{VAL(year:&#x00AD;)}}</subtitle><!--bugfix to prevent different poster sizes-->
                 <image>{{IMAGEURL(art::768)}}</image>{{CUT($plex_sectionicons::Apple=CUT|Plex=CUT|Fanart=|Custom=CUT)}}
                    <image>{{URL(:/templates/plex/images/icons/{{VAL(type)}}.jpg)}}</image>{{CUT($plex_sectionicons::Apple=|Plex=CUT|Fanart=CUT|Custom=CUT)}}
                    <image>{{IMAGEURL(thumb::768)}}</image>{{CUT($plex_sectionicons::Apple=CUT|Plex=|Fanart=CUT|Custom=CUT)}}
                    <defaultImage>resource://16X9.png</defaultImage>

                <!--badgeCount></badgeCount-->
              </fourByThreePoster>
              
              <!-- search -->
              <fourByThreePoster id="{{VAL(searchKey)}}" showOutline="false" featured="true" alwaysShowTitles="true"
                           onPlay="atv.loadURL('{{URL(searchKey)}}')"
                           onSelect="atv.loadURL('{{URL(searchKey)}}')">
                <title>{{TEXT(Search)}}</title>
                    <image>{{URL(:/templates/plex/images/icons/search.png)}}</image>
                    <defaultImage>resource://16X9.png</defaultImage>

              </fourByThreePoster>{{CUT($plex_library_search::Show=|Hide=CUT)}} 
              
            </items>
          </grid>
        </__COPY__>
      </items>
    </scroller>

    
    <!--No Sections Available-->
    <dialog id="com.sample.error-dialog">
    {{CUT(#sections::FALSE=|TRUE=CUT)}}
      <title>PlexConnect</title>
      <description>{{TEXT(No Plex Library Sections Available)}}</description>
    </dialog>
    
  </body>
</atv>