<atv>
  <head>
    <script src="{{URL(:/js/utils.js)}}" />
    <script src="{{URL(:/js/scrobble.js)}}" />
    <script src="{{URL(:/js/settings.js)}}" />
  </head>

  <body>
      {{ADDXML(OnDeck::/library/onDeck?X-Plex-Container-Start=0&amp;X-Plex-Container-Size=40)}}      
      {{ADDXML(RecentlyAdded::/library/recentlyAdded?X-Plex-Container-Start=0&amp;X-Plex-Container-Size=40)}}
      {{VAR(sections:NoKey:FALSE)}}  <!--this sets the var to FALSE-->
      {{VAR(items:NoKey:FALSE)}}

    {{ADDXML(VideoChannels::/channels/all)}}

    <scroller id="Library_Grid">
    {{CUT($libraryview:CUT:=CUT|Grid=|Grid =CUT)}}
      <header>
       <imageHeader>
	     <image insets="0, 0, {{VAL(^aTVScreenResolution:1:720=630|1080=945)}}, 0" required="true">
	     {{URL(:/fanartcache/{{LFBG("plex","{{EVAL(quote_plus("{{TEXT(Plex Library)}}"))}}","","backgrounds/plex{{VAL($plex_menubackground::Grey=default|Plex Orange=orange|Apple Blue=blue|Green=green)}}.png","{{VAL(^aTVScreenResolution)}}","fonts/OpenSans/OpenSans-Light.ttf","50","35","{{VAL($plex_titlecolor::White=fafafa|Grey=878787|Plex Orange=ff8800|Apple Blue=1357d4)}}","{{VAL($plex_subtitlecolor::White=fafafa|Grey=878787|Plex Orange=ff8800|Apple Blue=1357d4)}}","right","top","70","10","170","","PlexGrid{{VAL($plex_gridtint::On=Text|Off=)}}"{{VAL($plex_menuhint::On=,"PlexPressMenu_{{VAL($plex_subtitlecolor::White=white|Plex Orange=orange|Apple Blue=blue|Grey=grey)}}"|Off=)}})}})}}
	     </image>{{CUT($plex_sectionsposition::Top=|Bottom=|Flow=CUT|Middle=))}}  
	     <image insets="0, 0, {{VAL(^aTVScreenResolution:1:720=630|1080=945)}}, 0" required="true">
	     {{URL(:/fanartcache/{{LFBG("plex","{{EVAL(quote_plus("{{TEXT(Plex Library)}}"))}}","","backgrounds/plex{{VAL($plex_menubackground::Grey=default|Plex Orange=orange|Apple Blue=blue|Green=green)}}.png","{{VAL(^aTVScreenResolution)}}","fonts/OpenSans/OpenSans-Light.ttf","50","35","{{VAL($plex_titlecolor::White=fafafa|Grey=878787|Plex Orange=ff8800|Apple Blue=1357d4)}}","{{VAL($plex_subtitlecolor::White=fafafa|Grey=878787|Plex Orange=ff8800|Apple Blue=1357d4)}}","right","top","70","10","170","","PlexGrid{{VAL($plex_gridtint::On=Text|Off=)}}"{{VAL($plex_menuhint::On=,"PlexPressMenu_{{VAL($plex_subtitlecolor::White=white|Plex Orange=orange|Apple Blue=blue|Grey=grey)}}"|Off=)}})}})}}
	     </image>{{CUT($plex_sectionsposition::Top=CUT|Bottom=CUT|Flow=|Middle=CUT))}}  

	   </imageHeader>

      </header>
      <items>
          <collectionDivider alignment="left" accessibilityLabel="{{VAL(title2)}}">
          <title>{{TEXT(Sections)}}</title>
         </collectionDivider>{{CUT(@main/size:CUT:0=CUT|1=|2=CUT)}} 
       <showcase accessibilityLabel="Showcase movies" id="showcase_1" >
        <initialSelection>
          <indexPath>
            <index>0</index>
          </indexPath>
        </initialSelection>
        {{COPY(Server:@main/size::0=|1=COPY)}}
        <items>
          {{COPY(Server:@main/size::0=|1=COPY)}}
          <showcasePoster id="{{VAL(key)}}" accessibilityLabel="{{VAL(title)}}"
                          onPlay="atv.loadURL('{{URL(key)}}')"
                          onSelect="atv.loadURL('{{URL(key)}}')"
                          onHoldSelect="refreshSection('{{VAL(key)}}', '{{URL(refreshKey)}}')" >
            {{COPY(Directory)}}
            {{VAR(items:NoKey:TRUE)}}
            <image>
              {{URL(:/fanartcache/{{LFBG("plex","{{VAL(title)}}","","flow/{{EVAL("{{VAL(title)}}".replace(' ', '') )}}-flow.png","flow","fonts/OpenSans/OpenSans-Light.ttf","40","","FFFFFF","FFFFFF","center","bottom","40","61","","","FlowIconCostum")}})}}
            </image>{{CUT($plex_sectionicons::Apple=CUT|Plex=|Fanart=CUT|Custom=CUT)}} 
            <image>
              {{URL(:/fanartcache/{{LFBG("plex","{{VAL(title)}}","","flow/{{VAL(type)}}-flow.png","flow","fonts/OpenSans/OpenSans-Light.ttf","40","","FFFFFF","FFFFFF","center","bottom","40","61","","","FlowIconApple")}})}}
            </image>{{CUT($plex_sectionicons::Apple=|Plex=CUT|Fanart=CUT|Custom=CUT)}}
             <image>
              {{URL(:/fanartcache/{{LFBG("plex","{{VAL(title)}}","","{{IMAGEURL(art::768)}}","flow","fonts/OpenSans/OpenSans-Light.ttf","40","","FFFFFF","FFFFFF","center","top","40","5","","","FlowIconFanart")}})}}
            </image>{{CUT($plex_sectionicons::Apple=CUT|Plex=CUT|Fanart=|Custom=CUT)}}
           

            <defaultImage>resource://Poster.png</defaultImage>
          </showcasePoster>         
          <!-- search -->
          <showcasePoster id="{{VAL(searchKey)}}" accessibilityLabel="{{TEXT(Search)}}"
                          onPlay="atv.loadURL('{{URL(searchKey)}}')"
                          onSelect="atv.loadURL('{{URL(searchKey)}}')">
            <image>{{URL(:/fanartcache/{{LFBG("plex","{{TEXT(Search)}}","","icons/search-flow.png","flow","fonts/OpenSans/OpenSans-Bold.ttf","40","","FFFFFF","FFFFFF","right","top","40","20","","","ListIcon")}})}}</image>
            <defaultImage>resource://Poster.png</defaultImage>
            
          </showcasePoster>{{CUT($plex_library_search::Show=|Hide=CUT)}} 
        </items>
      </showcase>{{CUT($plex_sectionsposition::Top=CUT|Bottom=CUT|Flow=|Middle=CUT))}}         





        <!-- servers -->
        <__COPY__>
        {{COPY(Server:@main/size::0=|1=COPY)}}

          <collectionDivider alignment="left" accessibilityLabel="Show_Bookcase_Divider">
            <title>{{VAL(name)}}{{VAL(local::0=&lt;{{TEXT(remote)}}&gt;|0 =)}}</title>
          </collectionDivider>{{CUT(@main/size:CUT:0=CUT|1=CUT|2=)}}
          <shelf id="Library_Grid_{{VAL(name)}}" columnCount="5">
          
            <sections>
              <shelfSection>
              
                <items>
                  <!-- /library/sections -->
                  <moviePoster id="{{VAL(key)}}" accessibilityLabel="{{VAL(title)}}" featured="true" 
                               alwaysShowTitles="{{VAL($plex_sectionicons::Apple=true|Plex=true|Fanart=true)}}"
                               onPlay="atv.loadURL('{{URL(key)}}')"
                               onSelect="atv.loadURL('{{URL(key)}}')"
                               onHoldSelect="refreshSection('{{VAL(key)}}', '{{URL(refreshKey)}}')">
                  {{COPY(Directory)}}
                  {{VAR(sections:NoKey:TRUE)}}  <!--within COPY this sets the var to TRUE-->
                  
                    <title>{{VAL(title)}}</title>
                    <image>{{IMAGEURL(art::768)}}</image>{{CUT($plex_sectionicons::Apple=CUT|Plex=CUT|Fanart=|Custom=CUT)}}
                    <image>{{URL(:/templates/plex/images/icons/{{VAL(type)}}.png)}}</image>{{CUT($plex_sectionicons::Apple=|Plex=CUT|Fanart=CUT|Custom=CUT)}}
                    <image>{{IMAGEURL(thumb::768)}}</image>{{CUT($plex_sectionicons::Apple=CUT|Plex=|Fanart=CUT|Custom=CUT)}}
                    <defaultImage>resource://16X9.png</defaultImage>
                    <!--badgeCount></badgeCount-->
                  </moviePoster>
                  
                  <!-- search -->
                  <moviePoster id="{{VAL(searchKey)}}" featured="true" alwaysShowTitles="{{VAL($plex_sectionicons::Apple=true|Plex=true|Fanart=true)}}"
                               onPlay="atv.loadURL('{{URL(searchKey)}}')"
                               onSelect="atv.loadURL('{{URL(searchKey)}}')">
                    <title>{{TEXT(Search)}}</title>
                    <image>{{URL(:/templates/plex/images/icons/search.png)}}</image>
                    <defaultImage>resource://16X9.png</defaultImage>
                  </moviePoster>{{CUT($plex_library_search::Show=|Hide=CUT)}} 
                  
                </items>
              </shelfSection>
            </sections>
          </shelf> {{CUT($plex_sectionsposition::Top=|Bottom=CUT|Flow=CUT|Middle=CUT))}} 
          <collectionDivider alignment="left" accessibilityLabel="Show_Bookcase_Divider">
            <title></title>
          </collectionDivider>
        </__COPY__>  

            
       <!-- ON Deck -->
      <collectionDivider alignment="left" accessibilityLabel="On Deck">
        {{CUT(@OnDeck/Server/size:CUT:0=CUT|1=)}}
        <title>{{TEXT(On Deck)}}</title>
      </collectionDivider>{{CUT($plex_library_ondeck::checked=|unchecked=CUT)}}
      <shelf id="shelf_1" columnCount="7">
        {{CUT(@OnDeck/size:CUT:0=CUT|1=)}}
        <sections>
          <shelfSection>
            {{COPY(Server:@OnDeck/size::0=|1=COPY)}}
            <items>
                <fourByThreePoster id="{{VAL(key)}}" featured="true" accessibilityLabel="{{VAL(title)}}" alwaysShowTitles="{{VAL($plex_showtitles_library::Highlighted Only=false|Show All=true)}}"
                            onPlay="atv.loadURL('{{URL(key)}}&amp;PlexConnect=Play')"
                            onSelect="atv.loadURL('{{URL(key)}}&amp;PlexConnect={{VAL(type::movie=Movie|episode=Episode)}}PrePlay')"
                            onHoldSelect="scrobbleMenu('{{URL(key)}}&amp;PlexConnect=ScrobbleMenuVideo')">
                  {{COPY(@OnDeck/Server/Video)}}
                  {{VAR(items:NoKey:TRUE)}}  <!--within COPY this sets the var to TRUE-->
                  <title>{{VAL(type::movie={{VAL(title)}}|episode={{VAL(grandparentTitle)}})}}</title>
                  <subtitle>{{VAL(type::movie={{VAL(year)}}|episode={{episodestring(parentIndex:0:index:0)}})}}</subtitle>
                  <image>{{IMAGEURL({{VAL(type::movie=thumb|episode=grandparentThumb)}}::384)}}</image>
                  <defaultImage>resource://Poster.png</defaultImage>
                </fourByThreePoster>
              </items>
            </shelfSection>
          </sections>
        </shelf>{{CUT($plex_library_ondeck::checked=|unchecked=CUT)}}{{CUT(@OnDeck/Server/size:CUT:0=CUT|1=)}}  
        

   
        
         <collectionDivider alignment="left" accessibilityLabel="Recently Added">
          {{CUT(@RecentlyAdded/Server/size:CUT:0=CUT|1=)}}
          <title>{{TEXT(Recently Added)}}</title>
        </collectionDivider>{{CUT($plex_library_recentlyadded::checked=|unchecked=CUT)}}{{CUT(@RecentlyAdded/Server/size:CUT:0=CUT|1=)}} 
        <shelf id="Recently_Bookshelf" columnCount="7">
          {{CUT(@RecentlyAdded/Server/size:CUT:0=CUT|1=)}}
          <sections>
            <shelfSection>
              {{COPY(Server:@RecentlyAdded/size::0=|1=COPY)}}
              <items>
                <fourByThreePoster id="{{VAL(key)}}" accessibilityLabel="{{VAL(title)}}" featured="true" alwaysShowTitles="{{VAL($plex_showtitles_library::Highlighted Only=false|Show All=true)}}"
                            onPlay="atv.loadURL('{{URL(key)}}&amp;PlexConnect=Play')"
                            onSelect="atv.loadURL('{{URL(key)}}&amp;PlexConnect={{VAL(type::movie=MoviePrePlay|episode=EpisodePrePlay|season=season)}}')"           
                            onHoldSelect="scrobbleMenu('{{URL(key)}}&amp;PlexConnect=ScrobbleMenu{{VAL(type::movie=Video|season=Season)}}')">
                  {{COPY(@RecentlyAdded/Server/Video,Directory)}}        
                  {{VAR(items:NoKey:TRUE)}} 
                  <title>{{VAL(type::movie={{VAL(title)}}|episode={{VAL(parentTitle)}}|season={{VAL(parentTitle)}}|album={{VAL(parentTitle)}})}}</title>
                  <subtitle>{{VAL(type::movie={{VAL(year)}}|episode={{VAL(title)}}|season={{VAL(title)}}|album={{VAL(title)}})}}</subtitle>
                  <badgeCount>{{unwatchedCountGrid(leafCount:0:viewedLeafCount:0)}}</badgeCount>{{CUT($showunwatched::False=CUT|True=)}}
                  <image>{{IMAGEURL(thumb::384)}}</image>        
                  <defaultImage>resource://{{VAL(type::movie=Poster|episode=Poster|season=Poster|album=Square|track=Square)}}.png</defaultImage>
                </fourByThreePoster>
              </items>
            </shelfSection>
            
          </sections>
        </shelf>{{CUT($plex_library_recentlyadded::checked=|unchecked=CUT)}}{{CUT(@RecentlyAdded/Server/size:CUT:0=CUT|1=)}}
        
        
        
        
   
        <collectionDivider alignment="left" accessibilityLabel="Channels">
            <title>{{TEXT(Channels)}}</title>
        </collectionDivider>{{CUT($plex_library_channels:CUT:checked=|unchecked=CUT)}}{{CUT(@VideoChannels/Server/size:CUT:0=CUT|1=)}} 
        <shelf id="shelf_3" columnCount="7">
            {{CUT(@VideoChannels/Server/size:CUT:0=CUT|1=)}}
            <sections>                             
                <shelfSection>
                    {{COPY(@VideoChannels/Server:size::0=|1=COPY)}}
                    <items>
                        <!-- /library/sections -->
                        <fourByThreePoster id="Video_{{VAL(key)}}" featured="true" alwaysShowTitles="{{VAL($showtitles_channels::Highlighted Only=false|Show All=true)}}"
                                       onPlay="atv.loadURL('{{URL(key)}}&amp;PlexConnect=ChannelsVideo')"
                                       onSelect="atv.loadURL('{{URL(key)}}&amp;PlexConnect=ChannelsVideo')">
                            {{COPY(Directory)}}
                            {{VAR(channels:NoKey:TRUE)}}  <!--within COPY this sets the var to TRUE-->
                            <title>{{VAL(title)}}</title>
                            <image>{{IMAGEURL(thumb::)}}</image>
                            <defaultImage>resource://Square.png</defaultImage>
                        </fourByThreePoster>
                    </items>
                </shelfSection>
          </sections>
        </shelf>{{CUT($plex_library_channels:CUT:checked=|unchecked=CUT)}}{{CUT(@VideoChannels/Server/size:CUT:0=CUT|1=)}}     




        </items>  
    </scroller>
    
    <!--No Sections Available-->
    <dialog id="com.sample.error-dialog">
    {{CUT(#sections::FALSE=|TRUE=CUT)}}
      <title>PlexConnect</title>
      <description>{{TEXT(No Plex Library Sections Available)}}</description>
    </dialog>
    
  </body>
</atv>
