<atv>
  <head>
    <script src="{{URL(:/js/utils.js)}}" />
    <script src="{{URL(:/js/scrobble.js)}}" />
    <script src="{{URL(:/js/settings.js)}}" />
  </head>

  <body>
      {{VAR(sections:NoKey:FALSE)}}  <!--this sets the var to FALSE-->
          
      <itemCollectionWithImageHeader id="com.sample.menu-items-with-sections">
      <header>
	    <imageHeader>
	      <image insets="0, 0, {{VAL(^aTVScreenResolution:1:720=552|1080=828)}}, 0" required="true">{{URL(:/fanartcache/{{LFBG("plex","{{EVAL(quote_plus("{{TEXT(Plex Library)}}"))}}","","backgrounds/plex{{VAL($plex_menubackground::Grey=default|Plex Orange=orange|Apple Blue=blue|Green=green)}}.png","{{VAL(^aTVScreenResolution)}}","fonts/OpenSans/OpenSans-Light.ttf","50","35","{{VAL($plex_titlecolor::White=fafafa|Grey=878787|Plex Orange=ff8800|Apple Blue=1357d4)}}","{{VAL($plex_subtitlecolor::White=fafafa|Grey=878787|Plex Orange=ff8800|Apple Blue=1357d4)}}","right","top","70","10","170","","PlexList{{VAL($plex_paradelisttint::On=Text|Off=)}}"{{VAL($plex_menuhint::On=,"PlexPressMenu_{{VAL($plex_subtitlecolor::White=white|Plex Orange=orange|Apple Blue=blue|Grey=grey)}}"|Off=)}})}})}}</image>
	    </imageHeader>
      </header>
           
      <menu>
        <sections>
          
          
          
          <!-- local servers -->
          <menuSection>
          {{COPY(Server:@main/size::0=|1=COPY)}}
            
            <header>
              <horizontalDivider alignment="left">
                <title>{{VAL(name)}}{{VAL(local::0= &lt;{{TEXT(remote)}}&gt;|0 =)}}</title>
              </horizontalDivider>
            </header>{{CUT(@main/size:CUT:0=CUT|1=CUT|2=)}}
            
            <items> 
              
                
                
              <!-- /library/sections -->
              <oneLineMenuItem id="{{VAL(key)}}"
                                       onPlay="atv.loadURL('{{URL(key)}}')"
                                       onSelect="atv.loadURL('{{URL(key)}}')"
                                       onHoldSelect="refreshSection('{{VAL(key)}}', '{{URL(refreshKey)}}')">
              {{COPY(Directory)}}
              {{VAR(sections:NoKey:TRUE)}}  <!--within COPY this sets the var to TRUE-->
                <label>{{VAL(title)}}</label>
                <preview>
                  <link>{{URL(key)}}/recentlyAdded?stack=1&amp;X-Plex-Container-Start=0&amp;X-Plex-Container-Size=20&amp;PlexConnect=SectionPreview-{{VAL(type)}}</link>{{CUT(type::a=|photo=CUT|q=)}}
                  <link>{{URL(key)}}/recentlyAdded?X-Plex-Container-Start=0&amp;X-Plex-Container-Size=20&amp;PlexConnect=SectionPreview-{{VAL(type)}}</link>{{CUT(type:CUT:a=CUT|photo=|q=CUT)}}
                </preview>
              </oneLineMenuItem>{{CUT($plex_sectionsposition::Top=|Bottom=CUT|Flow=|Middle=CUT)}} 
            
            
            
            
              <!-- 
              OnDeck -->
              <oneLineMenuItem id="{{VAL(ondeck)}}"
                                       onPlay="atv.loadURL('{{URL(:/PMS(owned)/library/onDeck)}}&amp;PlexConnect=LibraryOnDeck')"
                                       onSelect="atv.loadURL('{{URL(:/PMS(owned)/library/onDeck)}}&amp;PlexConnect=LibraryOnDeck')">
               <label>{{TEXT(On Deck)}}</label>

              </oneLineMenuItem>{{CUT($plex_library_ondeck::checked=|unchecked=CUT)}}             
              
                
                
                
              <!-- Recently Added -->
              <oneLineMenuItem id="{{VAL(recentlyadded)}}"
                                       onPlay="atv.loadURL('{{URL(:/PMS(owned)/library/recentylAdded)}}&amp;PlexConnect=LibraryRecentlyAdded')"
                                       onSelect="atv.loadURL('{{URL(:/PMS(owned)/library/recentylAdded)}}&amp;PlexConnect=LibraryRecentlyAdded')">
                <label>{{TEXT(Recently Added)}}</label>
                
              </oneLineMenuItem>{{CUT($plex_library_recentlyadded::checked=|unchecked=CUT)}}              
                
               <!-- Channels -->
              <oneLineMenuItem id="{{VAL(channels)}}"
                                       onPlay="atv.loadURL('{{URL(:/PMS(//owned)/channels/all)}}')"
                                       onSelect="atv.loadURL('{{URL(:/PMS(//owned)/channels/all)}}')">
                <label>{{TEXT(Channels)}}</label>
              </oneLineMenuItem>{{CUT($plex_library_channels::checked=|unchecked=CUT)}}
              
                <!-- /library/sections -->
              <oneLineMenuItem id="{{VAL(key)}}"
                                       onPlay="atv.loadURL('{{URL(key)}}')"
                                       onSelect="atv.loadURL('{{URL(key)}}')"
                                       onHoldSelect="refreshSection('{{VAL(key)}}', '{{URL(refreshKey)}}')">
              {{COPY(Directory)}}
              {{VAR(sections:NoKey:TRUE)}}  <!--within COPY this sets the var to TRUE-->
                <label>{{VAL(title)}}</label>
                <preview>
                  <link>{{URL(key)}}/recentlyAdded?PlexConnect=SectionPreview-{{VAL(type)}}</link>
                </preview>
              </oneLineMenuItem>{{CUT($plex_sectionsposition::Top=CUT|Bottom=|Flow=CUT|Middle=CUT)}} 
                
              <!-- search -->
              <oneLineMenuItem id="{{VAL(searchKey)}}"
                                       onPlay="atv.loadURL('{{URL(searchKey)}}')"
                                       onSelect="atv.loadURL('{{URL(searchKey)}}')">
                <label>{{TEXT(Search)}}</label>
                <accessories><arrow/></accessories>
              </oneLineMenuItem>{{CUT($plex_library_search::Show=|Hide=CUT)}} 
              
              </items>
          </menuSection>
        
        </sections>
      </menu>
    </itemCollectionWithImageHeader>
    
    <!--No Sections Available-->
    <dialog id="com.sample.error-dialog">
    {{CUT(#sections::FALSE=|TRUE=CUT)}}
      <title>PlexConnect</title>
      <description>{{TEXT(No Plex Library Sections Available)}}</description>
    </dialog>
    
  </body>
</atv>
