<atv>
  <head>
    <script src="{{URL(:/js/utils.js)}}" />
    <script src="{{URL(:/js/scrobble.js)}}" />
    <script src="{{URL(:/js/settings.js)}}" />
  </head>

  <body>
      {{ADDXML(RecentlyAdded::/library/recentlyAdded)}}
      {{VAR(sections:NoKey:FALSE)}}  <!--this sets the var to FALSE-->
      {{VAR(items:NoKey:FALSE)}}
      
      <itemCollectionWithImageHeader id="com.sample.menu-items-with-sections">
      <header>
	    <imageHeader>
	      
	      <image insets="0, 0, {{VAL(^aTVScreenResolution:1:720=552|1080=828)}}, 0" required="true">{{URL(:/fanartcache/{{LFBG("plex","{{EVAL(quote_plus("{{TEXT(Plex Library)}}"))}}","{{EVAL(quote_plus("{{TEXT(Recently Added)}}"))}}","{{EVAL(quote_plus("{{TEXT(On Deck)}}"))}}","backgrounds/plex{{VAL($plex_menubackground::Grey=default|Plex Orange=orange|Apple Blue=blue|Green=green)}}.png","{{VAL(^aTVScreenResolution)}}","fonts/OpenSans/OpenSans-Light.ttf","50","35","{{VAL($plex_titlecolor::White=fafafa|Grey=878787|Plex Orange=ff8800|Apple Blue=1357d4)}}","{{VAL($plex_subtitlecolor::White=fafafa|Grey=878787|Plex Orange=ff8800|Apple Blue=1357d4)}}","right","top","70","10","170","","PlexSubList{{VAL($plex_paradelisttint::On=Text|Off=)}}"{{VAL($plex_menuhint::On=,"PlexPressMenu_{{VAL($plex_subtitlecolor::White=white|Plex Orange=orange|Apple Blue=blue|Grey=grey)}}"|Off=)}})}})}}</image>

	    </imageHeader>
      </header>
          
      <menu>
        <sections>
          <menuSection>
          {{CUT(@RecentlyAdded/Server/size:CUT:0=CUT|1=)}}
            

            <items>
              <twoLineMenuItem id="{{VAL(key)}}"
                                       onPlay="atv.loadURL('{{URL(key)}}&amp;PlexConnect=Play')"
                                       onSelect="atv.loadURL('{{URL(key)}}&amp;PlexConnect={{VAL(type::movie=MoviePrePlay|episode=EpisodePrePlay|season=season)}}')"
                                       onHoldSelect="scrobbleMenu('{{URL(key)}}&amp;PlexConnect=ScrobbleMenuVideo')">
                {{COPY(@RecentlyAdded/Server/Directory,Video)}}
                {{VAR(items:NoKey:TRUE)}}              
                <label>{{VAL(type::movie={{VAL(title)}}|episode={{VAL(parentTitle)}}|season={{VAL(parentTitle)}}|album={{VAL(parentTitle)}})}}</label>
                <label2>{{VAL(type::movie={{VAL(year)}}|episode={{VAL(title)}}|season={{VAL(title)}}|album={{VAL(title)}})}}</label2>
                <accessories>
                  <unplayedDot/>{{CUT(viewOffset)}}
                  <partiallyPlayedDot/>
                </accessories>{{CUT(viewCount)}}
                <preview>
                  <crossFadePreview>
                    <image>{{IMAGEURL(thumb::768)}}</image>
                  </crossFadePreview>
                </preview>
              </twoLineMenuItem> 
            </items>
          </menuSection>{{CUT(@RecentlyAdded/Server/size:CUT:0=CUT|1=)}}
        
        </sections>
      </menu>
    </itemCollectionWithImageHeader>
    
  </body>
</atv>


